,PERIOD,EVT,WALLCLK,CL,DE,LOCX,LOCY,OPT1,OPT2,OPT3,OPT4,MTYPE,ETYPE,OPID,TID,PID,HS,VS,EPID,OFTID,ORD,PTS,diff_a-h
0,1,2,2024-02-09T00:12:16.3000000+00:00,12:00,Start Period,0,-80,0,0,0,0,0,12,,0,0,0,0,,0,20000,0,0
1,1,4,2024-02-09T00:12:18.6000000+00:00,11:57,Jump Ball Turner vs Green (Siakam gains possession),0,-80,0,0,0,0,0,10,203110,1610612754,1626167,0,0,1627783,1610612754,60000,0,0
2,1,7,2024-02-09T00:12:31.7000000+00:00,11:44,[IND] Turner Cutting Layup Shot: Missed,21,40,2,0,0,0,98,2,,1610612754,1626167,0,0,,1610612754,70000,0,0
3,1,8,2024-02-09T00:12:34.7000000+00:00,11:41,[GSW] Podziemski Rebound (Off:0 Def:1),21,40,0,0,0,0,0,4,,1610612744,1641764,0,0,,1610612754,80000,0,0
4,1,9,2024-02-09T00:12:54.0000000+00:00,11:21,[GSW] Green 3pt Shot: Missed,-12,261,3,0,0,0,1,2,,1610612744,203110,0,0,,1610612744,90000,0,0
5,1,10,2024-02-09T00:12:56.0000000+00:00,11:19,[GSW] Podziemski Rebound (Off:1 Def:1),-12,261,1,0,0,0,0,4,,1610612744,1641764,0,0,,1610612744,100000,0,0
6,1,11,2024-02-09T00:13:01.0000000+00:00,11:15,[GSW 3-0] Curry 3pt Shot: Made (3 PTS) Assist: Wiggins (1 AST),210,141,3,0,0,0,1,1,,1610612744,201939,0,3,203952,1610612744,110000,3,3
7,1,13,2024-02-09T00:13:18.2000000+00:00,10:57,[IND] Turner Cutting Layup Shot: Missed,11,10,2,0,0,0,98,2,,1610612754,1626167,0,3,,1610612754,130000,0,3
8,1,14,2024-02-09T00:13:21.2000000+00:00,10:54,[GSW] Podziemski Rebound (Off:1 Def:2),11,10,0,0,0,0,0,4,,1610612744,1641764,0,3,,1610612754,140000,0,3
9,1,15,2024-02-09T00:13:32.5000000+00:00,10:42,[GSW 5-0] Kuminga Driving Dunk Shot: Made (2 PTS),-9,19,2,0,0,0,9,1,,1610612744,1630228,0,5,,1610612744,150000,2,5
10,1,16,2024-02-09T00:13:37.4000000+00:00,10:42,Timeout : Regular,0,-80,0,0,0,0,1,9,,1610612754,1610612754,0,5,,1610612754,160000,0,5
11,1,17,2024-02-09T00:16:41.6000000+00:00,10:34,[IND 3-5] Nesmith 3pt Shot: Made (3 PTS) Assist: Haliburton (1 AST),234,0,3,0,0,0,1,1,,1610612754,1630174,3,5,1630169,1610612754,170000,3,2
12,1,19,2024-02-09T00:16:59.4000000+00:00,10:16,[GSW 7-3] Podziemski Layup Shot: Made (2 PTS) Assist: Kuminga (1 AST),-37,36,2,0,0,0,5,1,,1610612744,1641764,3,7,1630228,1610612744,190000,2,4
13,1,22,2024-02-09T00:17:09.0000000+00:00,10:07,[IND 6-7] Turner 3pt Shot: Made (3 PTS) Assist: Haliburton (2 AST),-5,252,3,0,0,0,1,1,,1610612754,1626167,6,7,1630169,1610612754,220000,3,1
14,1,24,2024-02-09T00:17:22.0000000+00:00,09:53,[GSW 9-6] Wiggins Driving Finger Roll Layup Shot: Made (2 PTS),-4,32,2,0,0,0,75,1,,1610612744,203952,6,9,,1610612744,240000,2,3
15,1,25,2024-02-09T00:17:39.5000000+00:00,09:38,[IND] Turner Foul: Offensive Charge (1 PF) (M Dagher),22,52,0,0,0,0,26,6,1641764,1610612754,1626167,6,9,1628159,1610612754,250000,0,3
16,1,27,2024-02-09T00:17:39.5000000+00:00,09:38,[IND] Turner Turnover : Offensive Foul Turnover (1 TO),22,52,0,0,0,0,37,5,,1610612754,1626167,6,9,1628159,1610612754,270000,0,3
17,1,28,2024-02-09T00:18:05.9000000+00:00,09:30,[GSW] Podziemski Foul: Offensive (1 PF) (M Dagher),28,261,0,0,0,0,4,6,1630174,1610612744,1641764,6,9,1628159,1610612744,280000,0,3
18,1,30,2024-02-09T00:18:05.9000000+00:00,09:30,[GSW] Podziemski Turnover : Offensive Foul Turnover (1 TO),28,261,0,0,0,0,37,5,,1610612744,1641764,6,9,1628159,1610612744,300000,0,3
19,1,31,2024-02-09T00:18:31.8000000+00:00,09:19,[IND] Nembhard Turnover : Discontinue Dribble (1 TO),107,135,0,0,0,0,7,5,,1610612754,1629614,6,9,201245,1610612754,310000,0,3
20,1,32,2024-02-09T00:18:53.2000000+00:00,09:09,[GSW 12-6] Curry 3pt Shot: Made (6 PTS) Assist: Kuminga (2 AST),-192,162,3,0,0,0,1,1,,1610612744,201939,6,12,1630228,1610612744,320000,3,6
21,1,34,2024-02-09T00:19:04.6000000+00:00,08:56,[IND] Nembhard Pullup Jump shot: Missed,-9,183,2,0,0,0,79,2,,1610612754,1629614,6,12,,1610612754,340000,0,6
22,1,35,2024-02-09T00:19:07.6000000+00:00,08:53,[GSW] Kuminga Rebound (Off:0 Def:1),-9,183,0,0,0,0,0,4,,1610612744,1630228,6,12,,1610612754,350000,0,6
23,1,36,2024-02-09T00:19:16.2000000+00:00,08:45,[GSW 14-6] Wiggins Driving Layup Shot: Made (4 PTS) Assist: Kuminga (3 AST),-21,27,2,0,0,0,6,1,,1610612744,203952,6,14,1630228,1610612744,360000,2,8
24,1,38,2024-02-09T00:19:28.4000000+00:00,08:34,[IND 8-14] Nesmith Cutting Layup Shot: Made (5 PTS) Assist: Haliburton (3 AST),16,9,2,0,0,0,98,1,,1610612754,1630174,8,14,1630169,1610612754,380000,2,6
25,1,40,2024-02-09T00:19:39.9000000+00:00,08:22,[GSW] Kuminga Driving Floating Bank Jump Shot: Missed,-74,53,2,0,0,0,102,2,,1610612744,1630228,8,14,,1610612744,400000,0,6
26,1,41,2024-02-09T00:19:40.9000000+00:00,08:21,[GSW] Team Rebound,-74,53,1,0,0,0,0,4,,1610612744,0,8,14,,1610612744,410000,0,6
27,1,42,2024-02-09T00:19:45.0000000+00:00,08:21,[IND] Turner Foul: Loose Ball (2 PF) (M Dagher),-62,69,0,0,0,0,3,6,203110,1610612754,1626167,8,14,1628159,1610612744,420000,0,6
28,1,44,2024-02-09T00:19:52.5000000+00:00,08:21,[IND] Turner Substitution replaced by Smith,0,-80,0,0,0,0,0,8,,1610612754,1626167,8,14,1630188,1610612744,440000,0,6
29,1,46,2024-02-09T00:20:16.5000000+00:00,08:15,[GSW 17-8] Curry 3pt Shot: Made (9 PTS) Assist: Podziemski (1 AST),-163,201,3,0,0,0,1,1,,1610612744,201939,8,17,1641764,1610612744,460000,3,9
30,1,48,2024-02-09T00:20:31.1000000+00:00,07:59,[IND 10-17] Smith Cutting Dunk Shot: Made (2 PTS) Assist: Siakam (1 AST),1,5,2,0,0,0,108,1,,1610612754,1630188,10,17,1627783,1610612754,480000,2,7
31,1,50,2024-02-09T00:20:44.1000000+00:00,07:46,[GSW] Kuminga 3pt Shot: Missed,206,145,3,0,0,0,1,2,,1610612744,1630228,10,17,,1610612744,500000,0,7
32,1,51,2024-02-09T00:20:47.1000000+00:00,07:43,[IND] Smith Rebound (Off:0 Def:1),206,145,0,0,0,0,0,4,,1610612754,1630188,10,17,,1610612744,510000,0,7
33,1,52,2024-02-09T00:20:55.4000000+00:00,07:37,[GSW] Wiggins Foul: Shooting (1 PF) (2 FTA) (M Dagher),75,40,0,0,2,0,2,6,1627783,1610612744,203952,10,17,1628159,1610612754,520000,0,7
34,1,54,2024-02-09T00:21:21.8000000+00:00,07:37,[IND 11-17] Siakam Free Throw 1 of 2 (1 PTS),0,-80,1,0,1,0,11,3,,1610612754,1627783,11,17,,1610612754,540000,1,6
35,1,55,2024-02-09T00:21:21.8000000+00:00,07:37,[IND] Siakam Free Throw 2 of 2 Missed,0,-80,2,0,0,0,12,3,,1610612754,1627783,11,17,,1610612754,550000,0,6
36,1,56,2024-02-09T00:21:22.8000000+00:00,07:36,[GSW] Green Rebound (Off:0 Def:1),0,-80,0,0,0,0,0,4,,1610612744,203110,11,17,,1610612754,550001,0,6
37,1,57,2024-02-09T00:22:04.7000000+00:00,07:15,[IND] Smith Foul: Shooting (1 PF) (2 FTA) (M Dagher),-31,30,0,0,2,0,2,6,1641764,1610612754,1630188,11,17,1628159,1610612744,570000,0,6
38,1,59,2024-02-09T00:22:30.6000000+00:00,07:15,[GSW 18-11] Podziemski Free Throw 1 of 2 (3 PTS),0,-80,1,0,1,0,11,3,,1610612744,1641764,11,18,,1610612744,590000,1,7
39,1,60,2024-02-09T00:22:31.3000000+00:00,07:15,[GSW] Kuminga Substitution replaced by Saric,0,-80,0,0,0,0,0,8,,1610612744,1630228,11,18,203967,1610612744,600000,0,7
40,1,62,2024-02-09T00:22:56.0000000+00:00,07:15,[GSW 19-11] Podziemski Free Throw 2 of 2 (4 PTS),0,-80,1,0,1,0,12,3,,1610612744,1641764,11,19,,1610612744,620000,1,8
41,1,63,2024-02-09T00:23:11.7000000+00:00,07:05,[IND 14-19] Smith 3pt Shot: Made (5 PTS) Assist: Haliburton (4 AST),-85,240,3,0,0,0,1,1,,1610612754,1630188,14,19,1630169,1610612754,630000,3,5
42,1,68,2024-02-09T00:23:34.3000000+00:00,06:42,[GSW 22-14] Wiggins 3pt Shot: Made (7 PTS) Assist: Saric (1 AST),-172,213,3,0,0,0,1,1,,1610612744,203952,14,22,203967,1610612744,680000,3,8
43,1,70,2024-02-09T00:23:46.1000000+00:00,06:29,[IND 17-22] Siakam 3pt Shot: Made (4 PTS) Assist: Haliburton (5 AST),-58,250,3,0,0,0,1,1,,1610612754,1627783,17,22,1630169,1610612754,700000,3,5
44,1,72,2024-02-09T00:24:03.1000000+00:00,06:12,[GSW] Saric Turnover : Lost Ball (1 TO) Steal:Siakam (1 ST),66,12,1,0,0,0,2,5,1627783,1610612744,203967,17,22,,1610612744,720000,0,5
45,1,74,2024-02-09T00:24:12.2000000+00:00,06:05,[IND 19-22] Nesmith Driving Finger Roll Layup Shot: Made (7 PTS) Assist: Haliburton (6 AST),2,40,2,0,0,0,75,1,,1610612754,1630174,19,22,1630169,1610612754,740000,2,3
46,1,75,2024-02-09T00:24:16.9000000+00:00,06:05,[GSW] Wiggins Foul: Shooting (2 PF) (1 FTA) (M Dagher),2,40,0,0,1,0,2,6,1630174,1610612744,203952,19,22,1628159,1610612754,750000,0,3
47,1,77,2024-02-09T00:24:21.5000000+00:00,06:05,[GSW] Podziemski Substitution replaced by Quinones,0,-80,0,0,0,0,0,8,,1610612744,1641764,19,22,1631311,1610612754,770000,0,3
48,1,79,2024-02-09T00:24:41.9000000+00:00,06:05,[IND] Nesmith Free Throw 1 of 1 Missed,0,-80,2,0,0,0,10,3,,1610612754,1630174,19,22,,1610612754,790000,0,3
49,1,80,2024-02-09T00:24:43.9000000+00:00,06:03,[GSW] Quinones Rebound (Off:0 Def:1),0,-80,0,0,0,0,0,4,,1610612744,1631311,19,22,,1610612754,790001,0,3
50,1,81,2024-02-09T00:24:54.3000000+00:00,05:59,Timeout : Regular,0,-80,0,0,0,0,1,9,,1610612744,1610612744,19,22,,1610612744,810000,0,3
51,1,83,2024-02-09T00:26:35.9000000+00:00,05:59,[IND] Nembhard Substitution replaced by Mathurin,0,-80,0,0,0,0,0,8,,1610612754,1629614,19,22,1631097,1610612744,820000,0,3
52,1,84,2024-02-09T00:26:35.9000000+00:00,05:59,[GSW] Wiggins Substitution replaced by Moody,0,-80,0,0,0,0,0,8,,1610612744,203952,19,22,1630541,1610612744,830000,0,3
53,1,87,2024-02-09T00:28:15.0000000+00:00,05:43,[GSW] Quinones Driving Floating Jump Shot: Missed,131,19,2,0,0,0,101,2,,1610612744,1631311,19,22,,1610612744,860000,0,3
54,1,88,2024-02-09T00:28:19.0000000+00:00,05:39,[IND] Nesmith Rebound (Off:0 Def:1),131,19,0,0,0,0,0,4,,1610612754,1630174,19,22,,1610612744,870000,0,3
55,1,89,2024-02-09T00:28:32.8000000+00:00,05:24,[IND] Haliburton 3pt Shot: Missed,230,3,3,0,0,0,80,2,,1610612754,1630169,19,22,,1610612754,880000,0,3
56,1,90,2024-02-09T00:28:35.8000000+00:00,05:21,[GSW] Saric Rebound (Off:0 Def:1),230,3,0,0,0,0,0,4,,1610612744,203967,19,22,,1610612754,890000,0,3
57,1,91,2024-02-09T00:28:46.1000000+00:00,05:11,[GSW 25-19] Curry 3pt Shot: Made (12 PTS) Assist: Moody (1 AST),6,306,3,0,0,0,1,1,,1610612744,201939,19,25,1630541,1610612744,900000,3,6
58,1,93,2024-02-09T00:28:56.6000000+00:00,05:00,[IND 22-25] Siakam 3pt Shot: Made (7 PTS) Assist: Haliburton (7 AST),-64,260,3,0,0,0,1,1,,1610612754,1627783,22,25,1630169,1610612754,920000,3,3
59,1,95,2024-02-09T00:29:08.5000000+00:00,04:49,[GSW 27-22] Green Cutting Finger Roll Layup Shot: Made (2 PTS) Assist: Curry (1 AST),23,12,2,0,0,0,99,1,,1610612744,203110,22,27,201939,1610612744,940000,2,5
60,1,97,2024-02-09T00:29:20.3000000+00:00,04:37,[IND 24-27] Mathurin Pullup Jump shot: Made (2 PTS),143,61,2,0,0,0,79,1,,1610612754,1631097,24,27,,1610612754,960000,2,3
61,1,98,2024-02-09T00:29:31.3000000+00:00,04:26,[GSW 30-24] Curry 3pt Shot: Made (15 PTS),16,271,3,0,0,0,79,1,,1610612744,201939,24,30,,1610612744,970000,3,6
62,1,99,2024-02-09T00:29:52.2000000+00:00,04:05,[IND] Mathurin Step Back Jump shot: Missed,-48,101,2,0,0,0,80,2,,1610612754,1631097,24,30,,1610612754,980000,0,6
63,1,100,2024-02-09T00:29:55.2000000+00:00,04:02,[GSW] Saric Rebound (Off:0 Def:2),-48,101,0,0,0,0,0,4,,1610612744,203967,24,30,,1610612754,990000,0,6
64,1,101,2024-02-09T00:30:01.5000000+00:00,03:56,[GSW] Curry Turnover : Bad Pass (1 TO) Steal:Nesmith (1 ST),1,205,1,0,0,0,1,5,1630174,1610612744,201939,24,30,,1610612744,1000000,0,6
65,1,103,2024-02-09T00:30:07.4000000+00:00,03:52,[GSW] Curry Foul: Shooting (1 PF) (2 FTA) (C Blair),-64,19,0,0,2,0,2,6,1631097,1610612744,201939,24,30,200832,1610612754,1020000,0,6
66,1,105,2024-02-09T00:30:46.1000000+00:00,03:52,[IND] Mathurin Free Throw 1 of 2 Missed,0,-80,2,1,0,0,11,3,,1610612754,1631097,24,30,,1610612754,1040000,0,6
67,1,106,2024-02-09T00:30:46.1000000+00:00,03:52,[IND] Team Rebound,0,-80,1,0,0,0,1,4,,1610612754,0,24,30,,1610612754,1040001,0,6
68,1,107,2024-02-09T00:30:46.7000000+00:00,03:52,[IND] Haliburton Substitution replaced by Sheppard,0,-80,0,0,0,0,0,8,,1610612754,1630169,24,30,1641767,1610612754,1060000,0,6
69,1,108,2024-02-09T00:30:46.7000000+00:00,03:52,[IND] Nesmith Substitution replaced by McConnell,0,-80,0,0,0,0,0,8,,1610612754,1630174,24,30,204456,1610612754,1070000,0,6
70,1,109,2024-02-09T00:30:46.7000000+00:00,03:52,[GSW] Green Substitution replaced by Kuminga,0,-80,0,0,0,0,0,8,,1610612744,203110,24,30,1630228,1610612754,1080000,0,6
71,1,113,2024-02-09T00:31:12.6000000+00:00,03:52,[IND 25-30] Mathurin Free Throw 2 of 2 (3 PTS),0,-80,1,1,1,0,12,3,,1610612754,1631097,25,30,,1610612754,1120000,1,5
72,1,114,2024-02-09T00:31:25.3000000+00:00,03:41,[GSW 32-25] Kuminga Cutting Finger Roll Layup Shot: Made (4 PTS) Assist: Quinones (1 AST),5,22,2,0,0,0,99,1,,1610612744,1630228,25,32,1631311,1610612744,1130000,2,7
73,1,116,2024-02-09T00:31:35.7000000+00:00,03:30,[IND] Siakam 3pt Shot: Missed,-81,246,3,0,0,0,1,2,,1610612754,1627783,25,32,,1610612754,1150000,0,7
74,1,117,2024-02-09T00:31:39.7000000+00:00,03:26,[GSW] Saric Rebound (Off:0 Def:3),-81,246,0,0,0,0,0,4,,1610612744,203967,25,32,,1610612754,1160000,0,7
75,1,118,2024-02-09T00:31:46.5000000+00:00,03:19,[GSW 35-25] Curry 3pt Shot: Made (18 PTS),-25,283,3,0,0,0,79,1,,1610612744,201939,25,35,,1610612744,1170000,3,10
76,1,119,2024-02-09T00:31:56.8000000+00:00,03:11,[IND 27-35] Siakam Driving Floating Bank Jump Shot: Made (9 PTS) Assist: McConnell (1 AST),-62,42,2,0,0,0,102,1,,1610612754,1627783,27,35,204456,1610612754,1180000,2,8
77,1,120,2024-02-09T00:32:00.0000000+00:00,03:11,[GSW] Moody Foul: Shooting (1 PF) (1 FTA) (M Kogut),-62,42,0,0,1,0,2,6,1627783,1610612744,1630541,27,35,201245,1610612754,1190000,0,8
78,1,123,2024-02-09T00:32:33.5000000+00:00,03:11,[IND 28-35] Siakam Free Throw 1 of 1 (10 PTS),0,-80,1,0,1,0,10,3,,1610612754,1627783,28,35,,1610612754,1210000,1,7
79,1,124,2024-02-09T00:32:56.0000000+00:00,02:52,[GSW] Quinones 3pt Shot: Missed,-191,169,3,0,0,0,1,2,,1610612744,1631311,28,35,,1610612744,1220000,0,7
80,1,125,2024-02-09T00:33:00.0000000+00:00,02:48,[IND] Smith Rebound (Off:0 Def:2),-191,169,0,0,0,0,0,4,,1610612754,1630188,28,35,,1610612744,1230000,0,7
81,1,126,2024-02-09T00:33:08.5000000+00:00,02:42,Stoppage: Out-of-Bounds,0,-80,0,0,0,0,3,20,,0,0,28,35,,1610612754,1240000,0,7
82,1,127,2024-02-09T00:33:14.3000000+00:00,02:42,[GSW] Curry Substitution replaced by Podziemski,0,-80,0,0,0,0,0,8,,1610612744,201939,28,35,1641764,1610612754,1250000,0,7
83,1,129,2024-02-09T00:33:35.3000000+00:00,02:34,[IND 30-35] Smith Alley Oop Dunk Shot: Made (7 PTS) Assist: McConnell (2 AST),0,7,2,0,0,0,52,1,,1610612754,1630188,30,35,204456,1610612754,1270000,2,5
84,1,131,2024-02-09T00:33:55.9000000+00:00,02:14,[GSW 37-30] Kuminga Driving Dunk Shot: Made (6 PTS) Assist: Quinones (2 AST),18,22,2,0,0,0,9,1,,1610612744,1630228,30,37,1631311,1610612744,1290000,2,7
85,1,133,2024-02-09T00:34:12.0000000+00:00,01:57,[IND] Siakam 3pt Shot: Missed,-170,192,3,0,0,0,1,2,,1610612754,1627783,30,37,,1610612754,1310000,0,7
86,1,134,2024-02-09T00:34:14.0000000+00:00,01:55,[GSW] Quinones Rebound (Off:0 Def:2),-170,192,0,0,0,0,0,4,,1610612744,1631311,30,37,,1610612754,1320000,0,7
87,1,135,2024-02-09T00:34:25.3000000+00:00,01:47,[GSW 39-30] Saric Driving Layup Shot: Made (2 PTS) Assist: Podziemski (2 AST),34,21,2,0,0,0,6,1,,1610612744,203967,30,39,1641764,1610612744,1330000,2,9
88,1,137,2024-02-09T00:34:28.5000000+00:00,01:47,[IND] Siakam Foul: Shooting (1 PF) (1 FTA) (C Blair),34,21,0,0,1,0,2,6,203967,1610612754,1627783,30,39,200832,1610612744,1350000,0,9
89,1,139,2024-02-09T00:34:53.5000000+00:00,01:47,Timeout : Regular,0,-80,0,0,0,0,1,9,,1610612754,1610612754,30,39,,1610612744,1370000,0,9
90,1,140,2024-02-09T00:35:42.9000000+00:00,01:47,[IND] Siakam Substitution replaced by Toppin,0,-80,0,0,0,0,0,8,,1610612754,1627783,30,39,1630167,1610612744,1380000,0,9
91,1,142,2024-02-09T00:36:40.2000000+00:00,01:47,[GSW 40-30] Saric Free Throw 1 of 1 (3 PTS),0,-80,1,0,1,0,10,3,,1610612744,203967,30,40,,1610612744,1400000,1,10
92,1,143,2024-02-09T00:36:55.6000000+00:00,01:36,[IND] Sheppard 3pt Shot: Missed,224,23,3,0,0,0,1,2,,1610612754,1641767,30,40,,1610612754,1410000,0,10
93,1,144,2024-02-09T00:36:58.6000000+00:00,01:33,[GSW] Team Rebound,224,23,0,0,0,0,0,4,,1610612744,0,30,40,,1610612754,1420000,0,10
94,1,145,2024-02-09T00:37:01.7000000+00:00,01:33,Stoppage: Out-of-Bounds,0,-80,0,0,0,0,3,20,,0,0,30,40,,1610612744,1430000,0,10
95,1,146,2024-02-09T00:37:17.0000000+00:00,01:20,[GSW 43-30] Saric 3pt Shot: Made (6 PTS) Assist: Quinones (3 AST),-54,281,3,0,0,0,1,1,,1610612744,203967,30,43,1631311,1610612744,1440000,3,13
96,1,148,2024-02-09T00:37:29.7000000+00:00,01:06,[IND] Mathurin Driving Layup Shot: Missed Block: Moody (1 BLK),5,25,2,0,0,0,6,2,1630541,1610612754,1631097,30,43,,1610612754,1460000,0,13
97,1,150,2024-02-09T00:37:32.7000000+00:00,01:03,[IND] Smith Rebound (Off:1 Def:2),5,25,1,0,0,0,0,4,,1610612754,1630188,30,43,,1610612754,1480000,0,13
98,1,151,2024-02-09T00:37:33.5000000+00:00,01:03,[IND 32-43] Smith Putback Layup Shot: Made (9 PTS),-17,10,2,0,0,0,72,1,,1610612754,1630188,32,43,,1610612754,1490000,2,11
99,1,152,2024-02-09T00:37:41.4000000+00:00,00:54.7,[GSW] Kuminga Turnover : Lost Ball (1 TO) Steal:Smith (1 ST),-130,99,1,0,0,0,2,5,1630188,1610612744,1630228,32,43,,1610612744,1500000,0,11
100,1,154,2024-02-09T00:37:47.2000000+00:00,00:50.1,[IND 34-43] Smith Running Dunk Shot: Made (11 PTS) Assist: McConnell (3 AST),16,7,2,1,0,0,50,1,,1610612754,1630188,34,43,204456,1610612754,1520000,2,9
101,1,156,2024-02-09T00:38:11.5000000+00:00,00:29.4,[GSW 45-34] Kuminga Cutting Dunk Shot: Made (8 PTS) Assist: Saric (2 AST),4,20,2,0,0,0,108,1,,1610612744,1630228,34,45,203967,1610612744,1540000,2,11
102,1,158,2024-02-09T00:38:27.6000000+00:00,00:15.7,[IND] McConnell Driving Finger Roll Layup Shot: Missed Block: Kuminga (1 BLK),5,26,2,0,0,0,75,2,1630228,1610612754,204456,34,45,,1610612754,1560000,0,11
103,1,160,2024-02-09T00:38:31.8000000+00:00,00:11.5,[GSW] Saric Rebound (Off:0 Def:4),5,26,0,0,0,0,0,4,,1610612744,203967,34,45,,1610612754,1580000,0,11
104,1,161,2024-02-09T00:38:42.1000000+00:00,00:01.2,[GSW] Kuminga 3pt Shot: Missed,-12,311,3,0,0,0,80,2,,1610612744,1630228,34,45,,1610612744,1590000,0,11
105,1,162,2024-02-09T00:38:42.1000000+00:00,00:01.2,[GSW] Team Rebound,-12,311,1,0,0,0,0,4,,1610612744,0,34,45,,1610612744,1600000,0,11
106,1,163,2024-02-09T00:38:45.7000000+00:00,00:00.0,End Period,0,-80,0,0,0,0,0,13,,0,0,34,45,,1610612744,1610000,0,11
107,2,168,2024-02-09T00:41:26.0000000+00:00,12:00,Start Period,0,-80,0,0,0,0,0,12,,0,0,34,45,,1610612744,1660000,0,11
108,2,169,2024-02-09T00:41:40.2000000+00:00,11:45,[GSW] Podziemski Driving Floating Jump Shot: Missed,-64,77,2,0,0,0,101,2,,1610612744,1641764,34,45,,1610612744,1670000,0,11
109,2,170,2024-02-09T00:41:42.2000000+00:00,11:43,[GSW] Team Rebound,-64,77,1,0,0,0,0,4,,1610612744,0,34,45,,1610612744,1680000,0,11
110,2,171,2024-02-09T00:41:44.7000000+00:00,11:43,Stoppage: Out-of-Bounds,0,-80,0,0,0,0,3,20,,0,0,34,45,,1610612744,1690000,0,11
111,2,172,2024-02-09T00:42:08.7000000+00:00,11:30,[GSW] Santos Driving Floating Jump Shot: Missed,56,11,2,0,0,0,101,2,,1610612744,1630611,34,45,,1610612744,1700000,0,11
112,2,173,2024-02-09T00:42:10.7000000+00:00,11:28,[IND] Team Rebound,56,11,0,0,0,0,0,4,,1610612754,0,34,45,,1610612744,1710000,0,11
113,2,174,2024-02-09T00:42:14.0000000+00:00,11:28,[GSW] Kuminga Foul: Loose Ball (1 PF) (M Dagher),-33,813,0,0,0,0,3,6,1630188,1610612744,1630228,34,45,1628159,1610612754,1720000,0,11
114,2,176,2024-02-09T00:42:24.8000000+00:00,11:24,[IND] Mathurin 3pt Shot: Missed,-206,160,3,0,0,0,1,2,,1610612754,1631097,34,45,,1610612754,1740000,0,11
115,2,177,2024-02-09T00:42:28.1000000+00:00,11:20,[IND] Smith Rebound (Off:2 Def:2),-206,160,1,0,0,0,0,4,,1610612754,1630188,34,45,,1610612754,1750000,0,11
116,2,178,2024-02-09T00:42:40.4000000+00:00,11:08,[IND 36-45] McConnell Floating Jump shot: Made (2 PTS) Assist: Mathurin (1 AST),43,99,2,0,0,0,78,1,,1610612754,204456,36,45,1631097,1610612754,1760000,2,9
117,2,180,2024-02-09T00:42:56.9000000+00:00,10:52,[GSW] Looney Foul: Offensive (1 PF) (M Kogut),130,213,0,0,0,0,4,6,204456,1610612744,1626172,36,45,201245,1610612744,1780000,0,9
118,2,182,2024-02-09T00:42:56.9000000+00:00,10:52,[GSW] Looney Turnover : Offensive Foul Turnover (1 TO),130,213,0,0,0,0,37,5,,1610612744,1626172,36,45,201245,1610612744,1800000,0,9
119,2,183,2024-02-09T00:43:15.2000000+00:00,10:46,[IND 38-45] Mathurin Pullup Jump shot: Made (5 PTS),-44,96,2,0,0,0,79,1,,1610612754,1631097,38,45,,1610612754,1810000,2,7
120,2,184,2024-02-09T00:43:28.9000000+00:00,10:31,[GSW] Kuminga Pullup Jump shot: Missed,77,-1,2,0,0,0,79,2,,1610612744,1630228,38,45,,1610612744,1820000,0,7
121,2,185,2024-02-09T00:43:29.9000000+00:00,10:30,[IND] Team Rebound,77,-1,0,0,0,0,0,4,,1610612754,0,38,45,,1610612744,1830000,0,7
122,2,186,2024-02-09T00:43:34.2000000+00:00,10:30,Stoppage: Out-of-Bounds,0,-80,0,0,0,0,3,20,,0,0,38,45,,1610612754,1840000,0,7
123,2,187,2024-02-09T00:43:41.2000000+00:00,10:25,[IND 40-45] McConnell Driving Layup Shot: Made (4 PTS),-28,18,2,0,0,0,6,1,,1610612754,204456,40,45,,1610612754,1850000,2,5
124,2,188,2024-02-09T00:43:50.0000000+00:00,10:24,Timeout : Regular,0,-80,0,0,0,0,1,9,,1610612744,1610612744,40,45,,1610612744,1860000,0,5
125,2,189,2024-02-09T00:47:02.4000000+00:00,10:04,[GSW] Kuminga Pullup Jump shot: Missed,-37,45,2,0,0,0,79,2,,1610612744,1630228,40,45,,1610612744,1870000,0,5
126,2,190,2024-02-09T00:47:05.4000000+00:00,10:01,[GSW] Santos Rebound (Off:1 Def:0),-37,45,1,0,0,0,0,4,,1610612744,1630611,40,45,,1610612744,1880000,0,5
127,2,191,2024-02-09T00:47:06.3000000+00:00,10:00,[GSW 47-40] Santos Putback Layup Shot: Made (2 PTS),20,19,2,0,0,0,72,1,,1610612744,1630611,40,47,,1610612744,1890000,2,7
128,2,192,2024-02-09T00:47:18.5000000+00:00,09:47,[IND 43-47] Smith 3pt Shot: Made (14 PTS) Assist: McConnell (4 AST),-9,241,3,0,0,0,1,1,,1610612754,1630188,43,47,204456,1610612754,1900000,3,4
129,2,194,2024-02-09T00:47:29.8000000+00:00,09:38,[IND] Sheppard Foul: Personal (1 PF) (C Blair),-48,145,0,0,0,0,1,6,1631311,1610612754,1641767,43,47,200832,1610612744,1920000,0,4
130,2,196,2024-02-09T00:47:56.1000000+00:00,09:32,[GSW] Quinones Driving Finger Roll Layup Shot: Missed,44,21,2,0,0,0,75,2,,1610612744,1631311,43,47,,1610612744,1940000,0,4
131,2,197,2024-02-09T00:47:57.1000000+00:00,09:31,[IND] Team Rebound,44,21,0,0,0,0,0,4,,1610612754,0,43,47,,1610612744,1950000,0,4
132,2,198,2024-02-09T00:48:02.1000000+00:00,09:31,Stoppage: Out-of-Bounds,0,-80,0,0,0,0,3,20,,0,0,43,47,,1610612754,1960000,0,4
133,2,199,2024-02-09T00:48:15.7000000+00:00,09:18,[IND] McConnell Pullup Jump shot: Missed,27,114,2,0,0,0,79,2,,1610612754,204456,43,47,,1610612754,1970000,0,4
134,2,200,2024-02-09T00:48:19.7000000+00:00,09:14,[GSW] Quinones Rebound (Off:0 Def:3),27,114,0,0,0,0,0,4,,1610612744,1631311,43,47,,1610612754,1980000,0,4
135,2,201,2024-02-09T00:48:34.1000000+00:00,08:59,[GSW] Podziemski Driving Floating Jump Shot: Missed,-21,113,2,0,0,0,101,2,,1610612744,1641764,43,47,,1610612744,1990000,0,4
136,2,202,2024-02-09T00:48:38.1000000+00:00,08:55,[GSW] Looney Rebound (Off:1 Def:0),-21,113,1,0,0,0,0,4,,1610612744,1626172,43,47,,1610612744,2000000,0,4
137,2,203,2024-02-09T00:48:38.1000000+00:00,08:55,[GSW 49-43] Looney Tip Layup Shot: Made (2 PTS),0,0,2,0,0,0,97,1,,1610612744,1626172,43,49,,1610612744,2010000,2,6
138,2,204,2024-02-09T00:48:50.7000000+00:00,08:44,[IND 45-49] Sheppard Cutting Finger Roll Layup Shot: Made (2 PTS) Assist: Toppin (1 AST),-25,18,2,0,0,0,99,1,,1610612754,1641767,45,49,1630167,1610612754,2020000,2,4
139,2,206,2024-02-09T00:48:52.8000000+00:00,08:44,[GSW] Quinones Foul: Shooting (1 PF) (1 FTA) (C Blair),-25,18,0,0,1,0,2,6,1641767,1610612744,1631311,45,49,200832,1610612754,2040000,0,4
140,2,208,2024-02-09T00:49:14.2000000+00:00,08:44,[IND 46-49] Sheppard Free Throw 1 of 1 (3 PTS),0,-80,1,0,1,0,10,3,,1610612754,1641767,46,49,,1610612754,2060000,1,3
141,2,209,2024-02-09T00:49:39.0000000+00:00,08:21,[GSW] Podziemski Pullup Jump shot: Missed,-10,161,2,0,0,0,79,2,,1610612744,1641764,46,49,,1610612744,2070000,0,3
142,2,210,2024-02-09T00:49:43.0000000+00:00,08:17,[IND] Toppin Rebound (Off:0 Def:1),-10,161,0,0,0,0,0,4,,1610612754,1630167,46,49,,1610612744,2080000,0,3
143,2,211,2024-02-09T00:49:49.2000000+00:00,08:10,[IND] Mathurin Driving Layup Shot: Missed,-6,47,2,0,0,0,6,2,,1610612754,1631097,46,49,,1610612754,2090000,0,3
144,2,212,2024-02-09T00:49:52.2000000+00:00,08:07,[GSW] Podziemski Rebound (Off:1 Def:3),-6,47,0,0,0,0,0,4,,1610612744,1641764,46,49,,1610612754,2100000,0,3
145,2,213,2024-02-09T00:50:02.2000000+00:00,07:57,[GSW 51-46] Kuminga Driving Floating Bank Jump Shot: Made (10 PTS) Assist: Podziemski (3 AST),-39,68,2,0,0,0,102,1,,1610612744,1630228,46,51,1641764,1610612744,2110000,2,5
146,2,214,2024-02-09T00:50:21.9000000+00:00,07:37,[IND] Toppin 3pt Shot: Missed,22,267,3,0,0,0,1,2,,1610612754,1630167,46,51,,1610612754,2120000,0,5
147,2,215,2024-02-09T00:50:26.9000000+00:00,07:32,[GSW] Santos Rebound (Off:1 Def:1),22,267,0,0,0,0,0,4,,1610612744,1630611,46,51,,1610612754,2130000,0,5
148,2,217,2024-02-09T00:50:41.8000000+00:00,07:20,[GSW] Kuminga Turnover : Double Dribble (2 TO),-100,-1,0,0,0,0,6,5,,1610612744,1630228,46,51,200832,1610612744,2140000,0,5
149,2,218,2024-02-09T00:50:46.8000000+00:00,07:20,[GSW] Podziemski Substitution replaced by Curry,0,-80,0,0,0,0,0,8,,1610612744,1641764,46,51,201939,1610612754,2150000,0,5
150,2,219,2024-02-09T00:50:46.8000000+00:00,07:20,[GSW] Quinones Substitution replaced by Wiggins,0,-80,0,0,0,0,0,8,,1610612744,1631311,46,51,203952,1610612754,2160000,0,5
151,2,222,2024-02-09T00:51:59.3000000+00:00,07:11,[IND] Mathurin Pullup Jump shot: Missed,-31,168,2,0,0,0,79,2,,1610612754,1631097,46,51,,1610612754,2190000,0,5
152,2,223,2024-02-09T00:52:03.2000000+00:00,07:07,[IND] Smith Rebound (Off:3 Def:2),-31,168,1,0,0,0,0,4,,1610612754,1630188,46,51,,1610612754,2200000,0,5
153,2,224,2024-02-09T00:52:09.5000000+00:00,07:02,[GSW] Looney Foul: Shooting (2 PF) (2 FTA) (M Kogut),-82,35,0,0,2,0,2,6,1631097,1610612744,1626172,46,51,201245,1610612754,2210000,0,5
154,2,226,2024-02-09T00:52:42.8000000+00:00,07:02,[IND 47-51] Mathurin Free Throw 1 of 2 (6 PTS),0,-80,1,0,1,0,11,3,,1610612754,1631097,47,51,,1610612754,2230000,1,4
155,2,227,2024-02-09T00:52:43.5000000+00:00,07:02,[IND] Smith Substitution replaced by Turner,0,-80,0,0,0,0,0,8,,1610612754,1630188,47,51,1626167,1610612754,2240000,0,4
156,2,228,2024-02-09T00:52:43.5000000+00:00,07:02,[GSW] Kuminga Substitution replaced by Green,0,-80,0,0,0,0,0,8,,1610612744,1630228,47,51,203110,1610612754,2250000,0,4
157,2,229,2024-02-09T00:52:43.5000000+00:00,07:02,[GSW] Looney Substitution replaced by Saric,0,-80,0,0,0,0,0,8,,1610612744,1626172,47,51,203967,1610612754,2260000,0,4
158,2,233,2024-02-09T00:53:08.6000000+00:00,07:02,[IND 48-51] Mathurin Free Throw 2 of 2 (7 PTS),0,-80,1,0,1,0,12,3,,1610612754,1631097,48,51,,1610612754,2300000,1,3
159,2,234,2024-02-09T00:53:25.9000000+00:00,06:47,[GSW 54-48] Saric 3pt Shot: Made (9 PTS) Assist: Green (1 AST),-223,9,3,0,0,0,1,1,,1610612744,203967,48,54,203110,1610612744,2310000,3,6
160,2,236,2024-02-09T00:53:40.5000000+00:00,06:31,[IND 51-54] Turner 3pt Shot: Made (6 PTS) Assist: McConnell (5 AST),-7,251,3,0,0,0,1,1,,1610612754,1626167,51,54,204456,1610612754,2330000,3,3
161,2,238,2024-02-09T00:54:04.7000000+00:00,06:09,[IND] Mathurin Foul: Shooting (1 PF) (2 FTA) (M Kogut),-16,35,0,0,2,0,2,6,1630611,1610612754,1631097,51,54,201245,1610612744,2350000,0,3
162,2,240,2024-02-09T00:54:29.8000000+00:00,06:09,[GSW 55-51] Santos Free Throw 1 of 2 (3 PTS),0,-80,1,0,1,0,11,3,,1610612744,1630611,51,55,,1610612744,2370000,1,4
163,2,241,2024-02-09T00:54:30.9000000+00:00,06:09,[IND] Mathurin Substitution replaced by Haliburton,0,-80,0,0,0,0,0,8,,1610612754,1631097,51,55,1630169,1610612744,2380000,0,4
164,2,242,2024-02-09T00:54:30.9000000+00:00,06:09,[IND] Toppin Substitution replaced by Nembhard,0,-80,0,0,0,0,0,8,,1610612754,1630167,51,55,1629614,1610612744,2390000,0,4
165,2,243,2024-02-09T00:54:30.9000000+00:00,06:09,[IND] McConnell Substitution replaced by Nesmith,0,-80,0,0,0,0,0,8,,1610612754,204456,51,55,1630174,1610612744,2400000,0,4
166,2,244,2024-02-09T00:54:30.9000000+00:00,06:09,[IND] Sheppard Substitution replaced by Siakam,0,-80,0,0,0,0,0,8,,1610612754,1641767,51,55,1627783,1610612744,2410000,0,4
167,2,249,2024-02-09T00:54:29.8000000+00:00,06:09,[GSW] Santos Free Throw 2 of 2 Missed,0,-80,2,0,0,0,12,3,,1610612744,1630611,51,55,,1610612744,2460000,0,4
168,2,250,2024-02-09T00:54:29.8000000+00:00,06:09,[IND] Turner Rebound (Off:0 Def:1),0,-80,0,0,0,0,0,4,,1610612754,1626167,51,55,,1610612744,2460001,0,4
169,2,251,2024-02-09T00:55:00.7000000+00:00,06:02,[IND] Nesmith 3pt Shot: Missed,-15,267,3,1,0,0,103,2,,1610612754,1630174,51,55,,1610612754,2480000,0,4
170,2,252,2024-02-09T00:55:04.7000000+00:00,05:58,[GSW] Wiggins Rebound (Off:0 Def:1),-15,267,0,0,0,0,0,4,,1610612744,203952,51,55,,1610612754,2490000,0,4
171,2,253,2024-02-09T00:55:18.0000000+00:00,05:44,[GSW] Wiggins Turnaround Fadeaway shot: Missed,-62,119,2,0,0,0,86,2,,1610612744,203952,51,55,,1610612744,2500000,0,4
172,2,254,2024-02-09T00:55:22.0000000+00:00,05:40,[IND] Siakam Rebound (Off:0 Def:1),-62,119,0,0,0,0,0,4,,1610612754,1627783,51,55,,1610612744,2510000,0,4
173,2,255,2024-02-09T00:55:29.1000000+00:00,05:33,[IND 53-55] Turner Layup Shot: Made (8 PTS) Assist: Nesmith (1 AST),28,34,2,0,0,0,5,1,,1610612754,1626167,53,55,1630174,1610612754,2520000,2,2
174,2,257,2024-02-09T00:55:46.3000000+00:00,05:16,[GSW 58-53] Curry 3pt Shot: Made (21 PTS) Assist: Saric (3 AST),-54,255,3,0,0,0,1,1,,1610612744,201939,53,58,203967,1610612744,2540000,3,5
175,2,259,2024-02-09T00:56:12.7000000+00:00,04:50,[IND] Nembhard 3pt Shot: Missed,-185,167,3,0,0,0,1,2,,1610612754,1629614,53,58,,1610612754,2560000,0,5
176,2,260,2024-02-09T00:56:16.7000000+00:00,04:46,[GSW] Curry Rebound (Off:0 Def:1),-185,167,0,0,0,0,0,4,,1610612744,201939,53,58,,1610612754,2570000,0,5
177,2,261,2024-02-09T00:56:18.1000000+00:00,04:44,[GSW] Santos Running Finger Roll Layup Shot: Missed Block: Nesmith (1 BLK),12,9,2,1,0,0,76,2,1630174,1610612744,1630611,53,58,,1610612744,2580000,0,5
178,2,263,2024-02-09T00:56:21.1000000+00:00,04:41,[IND] Siakam Rebound (Off:0 Def:2),12,9,0,0,0,0,0,4,,1610612754,1627783,53,58,,1610612744,2600000,0,5
179,2,264,2024-02-09T00:56:27.2000000+00:00,04:39,[IND] Siakam Foul: Offensive Charge (2 PF) (M Kogut),23,47,0,0,0,0,26,6,203110,1610612754,1627783,53,58,201245,1610612754,2610000,0,5
180,2,266,2024-02-09T00:56:27.2000000+00:00,04:39,[IND] Siakam Turnover : Offensive Foul Turnover (1 TO),23,47,0,0,0,0,37,5,,1610612754,1627783,53,58,201245,1610612754,2630000,0,5
181,2,267,2024-02-09T00:56:34.8000000+00:00,04:39,[GSW] Santos Substitution replaced by Moody,0,-80,0,0,0,0,0,8,,1610612744,1630611,53,58,1630541,1610612744,2640000,0,5
182,2,268,2024-02-09T00:56:34.8000000+00:00,04:39,[GSW] Saric Substitution replaced by Kuminga,0,-80,0,0,0,0,0,8,,1610612744,203967,53,58,1630228,1610612744,2650000,0,5
183,2,274,2024-02-09T00:57:11.5000000+00:00,04:28,[GSW] Kuminga Cutting Finger Roll Layup Shot: Missed,15,15,2,0,0,0,99,2,,1610612744,1630228,53,58,,1610612744,2710000,0,5
184,2,275,2024-02-09T00:57:15.5000000+00:00,04:24,[IND] Nembhard Rebound (Off:0 Def:1),15,15,0,0,0,0,0,4,,1610612754,1629614,53,58,,1610612744,2720000,0,5
185,2,276,2024-02-09T00:57:20.6000000+00:00,04:20,[IND 55-58] Nesmith Driving Floating Jump Shot: Made (9 PTS) Assist: Nembhard (1 AST),-98,17,2,0,0,0,101,1,,1610612754,1630174,55,58,1629614,1610612754,2730000,2,3
186,2,278,2024-02-09T00:57:27.2000000+00:00,04:20,[GSW] Curry Foul: Shooting (2 PF) (1 FTA) (M Kogut),-98,17,0,0,1,0,2,6,1630174,1610612744,201939,55,58,201245,1610612754,2750000,0,3
187,2,280,2024-02-09T00:57:44.1000000+00:00,04:20,[IND 56-58] Nesmith Free Throw 1 of 1 (10 PTS),0,-80,1,0,1,0,10,3,,1610612754,1630174,56,58,,1610612754,2770000,1,2
188,2,281,2024-02-09T00:58:05.0000000+00:00,04:01,[GSW] Curry 3pt Shot: Missed,-78,277,3,0,0,0,79,2,,1610612744,201939,56,58,,1610612744,2780000,0,2
189,2,282,2024-02-09T00:58:09.0000000+00:00,03:57,[IND] Turner Rebound (Off:0 Def:2),-78,277,0,0,0,0,0,4,,1610612754,1626167,56,58,,1610612744,2790000,0,2
190,2,283,2024-02-09T00:58:17.9000000+00:00,03:48,[IND] Haliburton 3pt Shot: Missed,69,275,3,0,0,0,80,2,,1610612754,1630169,56,58,,1610612754,2800000,0,2
191,2,284,2024-02-09T00:58:18.9000000+00:00,03:47,[GSW] Green Rebound (Off:0 Def:2),69,275,0,0,0,0,0,4,,1610612744,203110,56,58,,1610612754,2810000,0,2
192,2,285,2024-02-09T00:58:25.9000000+00:00,03:40,[GSW] Moody Running Pull-Up Jump Shot: Missed Block: Haliburton (1 BLK),-37,24,2,1,0,0,103,2,1630169,1610612744,1630541,56,58,,1610612744,2820000,0,2
193,2,287,2024-02-09T00:58:26.9000000+00:00,03:39,[GSW] Team Rebound,-37,24,1,0,0,0,0,4,,1610612744,0,56,58,,1610612744,2840000,0,2
194,2,288,2024-02-09T00:58:29.8000000+00:00,03:39,Stoppage: Out-of-Bounds,0,-80,0,0,0,0,3,20,,0,0,56,58,,1610612744,2850000,0,2
195,2,289,2024-02-09T00:58:57.3000000+00:00,03:39,Timeout : Regular,0,-80,0,0,0,0,1,9,,1610612744,1610612744,56,58,,1610612744,2860000,0,2
196,2,290,2024-02-09T01:01:19.2000000+00:00,03:39,[GSW] Moody Substitution replaced by Podziemski,0,-80,0,0,0,0,0,8,,1610612744,1630541,56,58,1641764,1610612744,2870000,0,2
197,2,292,2024-02-09T01:02:09.3000000+00:00,03:26,[GSW 60-56] Curry Pullup Jump shot: Made (23 PTS) Assist: Wiggins (2 AST),-107,167,2,0,0,0,79,1,,1610612744,201939,56,60,203952,1610612744,2890000,2,4
198,2,293,2024-02-09T01:02:29.1000000+00:00,03:06,[IND] Haliburton Turnover : Lost Ball (1 TO) Steal:Green (1 ST),-25,178,1,0,0,0,2,5,203110,1610612754,1630169,56,60,,1610612754,2900000,0,4
199,2,295,2024-02-09T01:02:32.9000000+00:00,03:02,[GSW 62-56] Wiggins Running Layup Shot: Made (9 PTS) Assist: Green (2 AST),-18,17,2,1,0,0,41,1,,1610612744,203952,56,62,203110,1610612744,2920000,2,6
200,2,299,2024-02-09T01:02:51.8000000+00:00,02:49,[IND] Haliburton Foul: Offensive (1 PF) (C Blair),146,86,0,0,0,0,4,6,201939,1610612754,1630169,56,62,200832,1610612754,2950000,0,6
201,2,303,2024-02-09T01:02:51.8000000+00:00,02:49,[IND] Haliburton Turnover : Offensive Foul Turnover (2 TO),146,86,0,0,0,0,37,5,,1610612754,1630169,56,62,201245,1610612754,2965000,0,6
202,2,301,2024-02-09T01:03:14.9000000+00:00,02:49,Timeout : Challenge,0,-80,0,0,0,0,7,9,,1610612744,1610612744,56,62,,1610612744,2970000,0,6
203,2,302,2024-02-09T01:03:17.8000000+00:00,02:49,Instant Replay - Challenge - Overturn Ruling,0,-80,0,0,0,0,5,18,,1610612744,0,56,62,,1610612744,2980000,0,6
204,2,304,2024-02-09T01:05:19.1000000+00:00,02:40,[GSW 64-56] Green Driving Dunk Shot: Made (4 PTS) Assist: Curry (2 AST),15,6,2,0,0,0,9,1,,1610612744,203110,56,64,201939,1610612744,2990000,2,8
205,2,305,2024-02-09T01:05:36.0000000+00:00,02:23,[IND] Haliburton Turnover : Bad Pass (3 TO) Steal:Green (2 ST),-94,39,1,0,0,0,1,5,203110,1610612754,1630169,56,64,,1610612754,3000000,0,8
206,2,308,2024-02-09T01:05:40.4000000+00:00,02:18,[GSW] Green Turnover : Lost Ball (1 TO) Steal:Nesmith (2 ST),23,372,1,0,0,0,2,5,1630174,1610612744,203110,56,64,,1610612744,3020000,0,8
207,2,310,2024-02-09T01:05:47.6000000+00:00,02:11,[IND 58-64] Turner Finger Roll Layup Shot: Made (10 PTS) Assist: Haliburton (8 AST),0,7,2,0,0,0,71,1,,1610612754,1626167,58,64,1630169,1610612754,3040000,2,6
208,2,312,2024-02-09T01:06:14.8000000+00:00,01:52,[IND] Siakam Foul: Non-Unsportsmanlike Technical Foul - Defensive Three Seconds (3 PF) (1 FTA) (C Blair),0,-80,0,0,1,0,17,6,,1610612754,1627783,58,64,200832,1610612744,3060000,0,6
209,2,313,2024-02-09T01:06:30.8000000+00:00,01:52,[GSW 65-58] Curry Free Throw Technical (24 PTS),0,-80,1,0,1,0,16,3,,1610612744,201939,58,65,,1610612744,3070000,1,7
210,2,314,2024-02-09T01:06:49.3000000+00:00,01:51,[GSW 68-58] Curry 3pt Shot: Made (27 PTS) Assist: Wiggins (3 AST),-126,248,3,0,0,0,79,1,,1610612744,201939,58,68,203952,1610612744,3080000,3,10
211,2,316,2024-02-09T01:07:02.3000000+00:00,01:37,[IND] Nesmith 3pt Shot: Missed,98,251,3,0,0,0,1,2,,1610612754,1630174,58,68,,1610612754,3100000,0,10
212,2,317,2024-02-09T01:07:06.3000000+00:00,01:33,[GSW] Podziemski Rebound (Off:1 Def:4),98,251,0,0,0,0,0,4,,1610612744,1641764,58,68,,1610612754,3110000,0,10
213,2,318,2024-02-09T01:07:25.1000000+00:00,01:14,[GSW] Wiggins 3pt Shot: Missed,29,274,3,0,0,0,1,2,,1610612744,203952,58,68,,1610612744,3120000,0,10
214,2,319,2024-02-09T01:07:28.1000000+00:00,01:11,[GSW] Kuminga Rebound (Off:1 Def:1),29,274,1,0,0,0,0,4,,1610612744,1630228,58,68,,1610612744,3130000,0,10
215,2,321,2024-02-09T01:07:35.2000000+00:00,01:04,[GSW] Wiggins Reverse Layup Shot: Missed,20,11,2,0,0,0,44,2,,1610612744,203952,58,68,,1610612744,3150000,0,10
216,2,322,2024-02-09T01:07:37.2000000+00:00,01:02,[IND] Siakam Rebound (Off:0 Def:3),20,11,0,0,0,0,0,4,,1610612754,1627783,58,68,,1610612744,3160000,0,10
217,2,323,2024-02-09T01:07:45.1000000+00:00,00:56.5,[IND] Nembhard Turnover : Out of Bounds - Bad Pass Turnover (2 TO),80,92,0,0,0,0,45,5,,1610612754,1629614,58,68,200832,1610612754,3170000,0,10
218,2,324,2024-02-09T01:08:09.9000000+00:00,00:38.0,[GSW] Green Turnover : Bad Pass (2 TO) Steal:Haliburton (1 ST),27,287,1,0,0,0,1,5,1630169,1610612744,203110,58,68,,1610612744,3180000,0,10
219,2,326,2024-02-09T01:08:25.1000000+00:00,00:22.8,[IND] Haliburton Driving Floating Jump Shot: Missed,6,105,2,0,0,0,101,2,,1610612754,1630169,58,68,,1610612754,3200000,0,10
220,2,327,2024-02-09T01:08:27.8000000+00:00,00:20.1,[GSW] Curry Rebound (Off:0 Def:2),6,105,0,0,0,0,0,4,,1610612744,201939,58,68,,1610612754,3210000,0,10
221,2,328,2024-02-09T01:08:44.7000000+00:00,00:03.2,[GSW 70-58] Curry Driving Reverse Layup Shot: Made (29 PTS),-22,24,2,0,0,0,73,1,,1610612744,201939,58,70,,1610612744,3220000,2,12
222,2,329,2024-02-09T01:08:55.7000000+00:00,00:00.0,End Period,0,-80,0,0,0,0,0,13,,0,0,58,70,,1610612754,3230000,0,12
223,3,330,2024-02-09T01:24:22.3000000+00:00,12:00,Start Period,0,-80,0,0,0,0,0,12,,0,0,58,70,,1610612744,3240000,0,12
224,3,331,2024-02-09T01:24:44.7000000+00:00,11:37,[GSW 72-58] Green Layup Shot: Made (6 PTS) Assist: Wiggins (4 AST),18,10,2,0,0,0,5,1,,1610612744,203110,58,72,203952,1610612744,3250000,2,14
225,3,333,2024-02-09T01:25:03.2000000+00:00,11:18,[IND] Turner 3pt Shot: Missed,229,0,3,0,0,0,1,2,,1610612754,1626167,58,72,,1610612754,3270000,0,14
226,3,334,2024-02-09T01:25:06.2000000+00:00,11:15,[GSW] Podziemski Rebound (Off:1 Def:5),229,0,0,0,0,0,0,4,,1610612744,1641764,58,72,,1610612754,3280000,0,14
227,3,335,2024-02-09T01:25:23.4000000+00:00,11:00,[GSW 74-58] Curry Driving Layup Shot: Made (31 PTS) Assist: Green (3 AST),-26,18,2,0,0,0,6,1,,1610612744,201939,58,74,203110,1610612744,3290000,2,16
228,3,337,2024-02-09T01:25:26.7000000+00:00,11:00,[IND] Nesmith Foul: Shooting (1 PF) (1 FTA) (M Kogut),-26,18,0,0,1,0,2,6,201939,1610612754,1630174,58,74,201245,1610612744,3310000,0,16
229,3,339,2024-02-09T01:25:48.3000000+00:00,11:00,[GSW] Curry Free Throw 1 of 1 Missed,0,-80,2,0,0,0,10,3,,1610612744,201939,58,74,,1610612744,3330000,0,16
230,3,340,2024-02-09T01:25:49.3000000+00:00,10:59,[IND] Turner Rebound (Off:0 Def:3),0,-80,0,0,0,0,0,4,,1610612754,1626167,58,74,,1610612744,3330001,0,16
231,3,341,2024-02-09T01:26:04.2000000+00:00,10:44,[IND 60-74] Nembhard Cutting Finger Roll Layup Shot: Made (2 PTS) Assist: Haliburton (9 AST),28,21,2,0,0,0,99,1,,1610612754,1629614,60,74,1630169,1610612754,3350000,2,14
232,3,343,2024-02-09T01:26:12.5000000+00:00,10:35,[GSW 76-60] Kuminga Dunk Shot: Made (12 PTS) Assist: Wiggins (5 AST),0,-4,2,0,0,0,7,1,,1610612744,1630228,60,76,203952,1610612744,3370000,2,16
233,3,345,2024-02-09T01:26:21.4000000+00:00,10:26,[IND] Haliburton Driving Floating Jump Shot: Missed,-26,69,2,0,0,0,101,2,,1610612754,1630169,60,76,,1610612754,3390000,0,16
234,3,346,2024-02-09T01:26:23.4000000+00:00,10:24,[GSW] Green Rebound (Off:0 Def:3),-26,69,0,0,0,0,0,4,,1610612744,203110,60,76,,1610612754,3400000,0,16
235,3,347,2024-02-09T01:26:30.5000000+00:00,10:17,[GSW] Wiggins Driving Layup Shot: Missed Block: Turner (1 BLK),-4,49,2,0,0,0,6,2,1626167,1610612744,203952,60,76,,1610612744,3410000,0,16
236,3,349,2024-02-09T01:26:33.5000000+00:00,10:14,[IND] Haliburton Rebound (Off:0 Def:1),-4,49,0,0,0,0,0,4,,1610612754,1630169,60,76,,1610612744,3430000,0,16
237,3,350,2024-02-09T01:26:39.9000000+00:00,10:10,[IND] Nesmith Foul: Offensive (2 PF) (M Kogut),31,200,0,0,0,0,4,6,1630228,1610612754,1630174,60,76,201245,1610612754,3440000,0,16
238,3,352,2024-02-09T01:26:39.9000000+00:00,10:10,[IND] Nesmith Turnover : Offensive Foul Turnover (1 TO),31,200,0,0,0,0,37,5,,1610612754,1630174,60,76,201245,1610612754,3460000,0,16
239,3,353,2024-02-09T01:27:04.8000000+00:00,09:58,[GSW] Curry Turnover : Lost Ball (2 TO) Steal:Nembhard (1 ST),10,292,1,0,0,0,2,5,1629614,1610612744,201939,60,76,,1610612744,3470000,0,16
240,3,355,2024-02-09T01:27:07.9000000+00:00,09:54,[IND 62-76] Nembhard Running Dunk Shot: Made (4 PTS),13,12,2,1,0,0,50,1,,1610612754,1629614,62,76,,1610612754,3490000,2,14
241,3,356,2024-02-09T01:27:22.7000000+00:00,09:39,[GSW] Curry Cutting Layup Shot: Missed,12,10,2,0,0,0,98,2,,1610612744,201939,62,76,,1610612744,3500000,0,14
242,3,357,2024-02-09T01:27:23.7000000+00:00,09:38,[IND] Siakam Rebound (Off:0 Def:4),12,10,0,0,0,0,0,4,,1610612754,1627783,62,76,,1610612744,3510000,0,14
243,3,358,2024-02-09T01:27:34.5000000+00:00,09:28,[IND] Turner Turnaround Bank Hook Shot: Missed,53,9,2,0,0,0,96,2,,1610612754,1626167,62,76,,1610612754,3520000,0,14
244,3,359,2024-02-09T01:27:37.5000000+00:00,09:25,[GSW] Wiggins Rebound (Off:0 Def:2),53,9,0,0,0,0,0,4,,1610612744,203952,62,76,,1610612754,3530000,0,14
245,3,360,2024-02-09T01:27:40.7000000+00:00,09:22,[GSW] Podziemski 3pt Shot: Missed,137,205,3,1,0,0,2,2,,1610612744,1641764,62,76,,1610612744,3540000,0,14
246,3,361,2024-02-09T01:27:43.7000000+00:00,09:19,[GSW] Green Rebound (Off:1 Def:3),137,205,1,0,0,0,0,4,,1610612744,203110,62,76,,1610612744,3550000,0,14
247,3,362,2024-02-09T01:27:45.4000000+00:00,09:19,[IND] Turner Foul: Personal (3 PF) (M Dagher),0,24,0,0,0,0,1,6,203110,1610612754,1626167,62,76,1628159,1610612744,3560000,0,14
248,3,364,2024-02-09T01:28:14.9000000+00:00,09:10,[GSW] Curry 3pt Shot: Missed,-102,235,3,0,0,0,79,2,,1610612744,201939,62,76,,1610612744,3580000,0,14
249,3,365,2024-02-09T01:28:15.9000000+00:00,09:09,[IND] Siakam Rebound (Off:0 Def:5),-102,235,0,0,0,0,0,4,,1610612754,1627783,62,76,,1610612744,3590000,0,14
250,3,366,2024-02-09T01:28:26.0000000+00:00,09:02,[GSW] Podziemski Foul: Shooting (2 PF) (2 FTA) (M Dagher),51,50,0,0,2,0,2,6,1626167,1610612744,1641764,62,76,1628159,1610612754,3600000,0,14
251,3,368,2024-02-09T01:28:48.7000000+00:00,09:02,[IND 63-76] Turner Free Throw 1 of 2 (11 PTS),0,-80,1,1,1,0,11,3,,1610612754,1626167,63,76,,1610612754,3620000,1,13
252,3,369,2024-02-09T01:28:48.7000000+00:00,09:02,[IND] Turner Free Throw 2 of 2 Missed,0,-80,2,1,0,0,12,3,,1610612754,1626167,63,76,,1610612754,3630000,0,13
253,3,370,2024-02-09T01:28:50.7000000+00:00,09:00,[GSW] Green Rebound (Off:1 Def:4),0,-80,0,0,0,0,0,4,,1610612744,203110,63,76,,1610612754,3630001,0,13
254,3,371,2024-02-09T01:29:26.1000000+00:00,08:45,[GSW] Podziemski Cutting Finger Roll Layup Shot: Missed,22,8,2,0,0,0,99,2,,1610612744,1641764,63,76,,1610612744,3650000,0,13
255,3,372,2024-02-09T01:29:28.1000000+00:00,08:43,[IND] Turner Rebound (Off:0 Def:4),22,8,0,0,0,0,0,4,,1610612754,1626167,63,76,,1610612744,3660000,0,13
256,3,373,2024-02-09T01:29:32.6000000+00:00,08:38,[IND] Nesmith Running Layup Shot: Missed Block: Curry (1 BLK),-44,41,2,1,0,0,41,2,201939,1610612754,1630174,63,76,,1610612754,3670000,0,13
257,3,375,2024-02-09T01:29:35.6000000+00:00,08:35,[GSW] Wiggins Rebound (Off:0 Def:3),-44,41,0,0,0,0,0,4,,1610612744,203952,63,76,,1610612754,3690000,0,13
258,3,376,2024-02-09T01:29:40.3000000+00:00,08:30,[GSW] Podziemski Turnover : Bad Pass (2 TO) Steal:Nesmith (3 ST),26,65,1,0,0,0,1,5,1630174,1610612744,1641764,63,76,,1610612744,3700000,0,13
259,3,378,2024-02-09T01:29:43.5000000+00:00,08:27,[IND 65-76] Siakam Running Finger Roll Layup Shot: Made (12 PTS) Assist: Nembhard (2 AST),23,19,2,1,0,0,76,1,,1610612754,1627783,65,76,1629614,1610612754,3720000,2,11
260,3,380,2024-02-09T01:29:51.1000000+00:00,08:26,Timeout : Regular,0,-80,0,0,0,0,1,9,,1610612744,1610612744,65,76,,1610612744,3740000,0,11
261,3,381,2024-02-09T01:32:54.6000000+00:00,08:15,[GSW 78-65] Kuminga Cutting Dunk Shot: Made (14 PTS) Assist: Green (4 AST),-6,-3,2,0,0,0,108,1,,1610612744,1630228,65,78,203110,1610612744,3750000,2,13
262,3,383,2024-02-09T01:33:12.1000000+00:00,07:57,[IND 67-78] Siakam Pullup Jump shot: Made (14 PTS) Assist: Turner (1 AST),93,168,2,0,0,0,79,1,,1610612754,1627783,67,78,1626167,1610612754,3770000,2,11
263,3,385,2024-02-09T01:33:33.3000000+00:00,07:39,Stoppage: Out-of-Bounds,0,-80,0,0,0,0,3,20,,0,0,67,78,,1610612744,3790000,0,11
264,3,386,2024-02-09T01:33:51.6000000+00:00,07:32,[GSW] Curry 3pt Shot: Missed,-213,147,3,0,0,0,79,2,,1610612744,201939,67,78,,1610612744,3800000,0,11
265,3,387,2024-02-09T01:33:53.6000000+00:00,07:30,[IND] Nesmith Rebound (Off:0 Def:2),-213,147,0,0,0,0,0,4,,1610612754,1630174,67,78,,1610612744,3810000,0,11
266,3,388,2024-02-09T01:34:01.0000000+00:00,07:21,[IND] Siakam Driving Finger Roll Layup Shot: Missed,34,12,2,0,0,0,75,2,,1610612754,1627783,67,78,,1610612754,3820000,0,11
267,3,389,2024-02-09T01:34:02.0000000+00:00,07:20,[GSW] Green Rebound (Off:1 Def:5),34,12,0,0,0,0,0,4,,1610612744,203110,67,78,,1610612754,3830000,0,11
268,3,390,2024-02-09T01:34:09.4000000+00:00,07:13,[GSW 81-67] Curry 3pt Shot: Made (34 PTS) Assist: Podziemski (4 AST),234,14,3,0,0,0,1,1,,1610612744,201939,67,81,1641764,1610612744,3840000,3,14
269,3,392,2024-02-09T01:34:18.9000000+00:00,07:04,[IND] Haliburton 3pt Shot: Missed,110,241,3,0,0,0,80,2,,1610612754,1630169,67,81,,1610612754,3860000,0,14
270,3,393,2024-02-09T01:34:20.9000000+00:00,07:02,[GSW] Wiggins Rebound (Off:0 Def:4),110,241,0,0,0,0,0,4,,1610612744,203952,67,81,,1610612754,3870000,0,14
271,3,394,2024-02-09T01:34:28.2000000+00:00,06:55,[GSW] Green Running Reverse Layup Shot: Missed,-25,9,2,1,0,0,74,2,,1610612744,203110,67,81,,1610612744,3880000,0,14
272,3,395,2024-02-09T01:34:29.2000000+00:00,06:54,[IND] Turner Rebound (Off:0 Def:5),-25,9,0,0,0,0,0,4,,1610612754,1626167,67,81,,1610612744,3890000,0,14
273,3,396,2024-02-09T01:34:36.8000000+00:00,06:47,[GSW] Podziemski Foul: Shooting (3 PF) (2 FTA) (M Kogut),-66,78,0,0,2,0,2,6,1626167,1610612744,1641764,67,81,201245,1610612754,3900000,0,14
274,3,398,2024-02-09T01:35:02.4000000+00:00,06:47,[IND] Turner Free Throw 1 of 2 Missed,0,-80,2,0,0,0,11,3,,1610612754,1626167,67,81,,1610612754,3920000,0,14
275,3,399,2024-02-09T01:35:02.4000000+00:00,06:47,[IND] Team Rebound,0,-80,1,0,0,0,1,4,,1610612754,0,67,81,,1610612754,3920001,0,14
276,3,400,2024-02-09T01:35:03.1000000+00:00,06:47,[GSW] Kuminga Substitution replaced by Moody,0,-80,0,0,0,0,0,8,,1610612744,1630228,67,81,1630541,1610612754,3940000,0,14
277,3,401,2024-02-09T01:35:03.1000000+00:00,06:47,[GSW] Podziemski Substitution replaced by Quinones,0,-80,0,0,0,0,0,8,,1610612744,1641764,67,81,1631311,1610612754,3950000,0,14
278,3,404,2024-02-09T01:35:02.4000000+00:00,06:47,[IND] Turner Free Throw 2 of 2 Missed,0,-80,2,0,0,0,12,3,,1610612754,1626167,67,81,,1610612754,3980000,0,14
279,3,405,2024-02-09T01:35:03.4000000+00:00,06:46,[GSW] Moody Rebound (Off:0 Def:1),0,-80,0,0,0,0,0,4,,1610612744,1630541,67,81,,1610612754,3980001,0,14
280,3,406,2024-02-09T01:35:36.3000000+00:00,06:35,[GSW 83-67] Curry Step Back Jump shot: Made (36 PTS) Assist: Quinones (4 AST),-135,89,2,0,0,0,80,1,,1610612744,201939,67,83,1631311,1610612744,4000000,2,16
281,3,407,2024-02-09T01:35:50.6000000+00:00,06:20,[IND] Turner Layup Shot: Missed Block: Quinones (1 BLK),29,43,2,0,0,0,5,2,1631311,1610612754,1626167,67,83,,1610612754,4010000,0,16
282,3,409,2024-02-09T01:35:53.6000000+00:00,06:17,[GSW] Quinones Rebound (Off:0 Def:4),29,43,0,0,0,0,0,4,,1610612744,1631311,67,83,,1610612754,4030000,0,16
283,3,411,2024-02-09T01:36:08.5000000+00:00,06:02,[GSW] Wiggins 3pt Shot: Missed,159,201,3,0,0,0,1,2,,1610612744,203952,67,83,,1610612744,4040000,0,16
284,3,412,2024-02-09T01:36:12.5000000+00:00,05:58,[IND] Turner Rebound (Off:0 Def:6),159,201,0,0,0,0,0,4,,1610612754,1626167,67,83,,1610612744,4050000,0,16
285,3,413,2024-02-09T01:36:20.1000000+00:00,05:50,[IND 70-83] Haliburton 3pt Shot: Made (3 PTS),-31,257,3,0,0,0,80,1,,1610612754,1630169,70,83,,1610612754,4060000,3,13
286,3,414,2024-02-09T01:36:36.3000000+00:00,05:34,[GSW] Green Driving Layup Shot: Missed Block: Nembhard (1 BLK),12,49,2,0,0,0,6,2,1629614,1610612744,203110,70,83,,1610612744,4070000,0,13
287,3,416,2024-02-09T01:36:39.3000000+00:00,05:31,[GSW] Green Rebound (Off:2 Def:5),12,49,1,0,0,0,0,4,,1610612744,203110,70,83,,1610612744,4090000,0,13
288,3,417,2024-02-09T01:36:39.2000000+00:00,05:31,[GSW 85-70] Green Putback Layup Shot: Made (8 PTS),17,3,2,0,0,0,72,1,,1610612744,203110,70,85,,1610612744,4100000,2,15
289,3,418,2024-02-09T01:36:49.3000000+00:00,05:21,[IND 72-85] Turner Jump Shot: Made (13 PTS) Assist: Nembhard (3 AST),93,178,2,0,0,0,1,1,,1610612754,1626167,72,85,1629614,1610612754,4110000,2,13
290,3,420,2024-02-09T01:37:18.8000000+00:00,04:51,[GSW] Curry 3pt Shot: Missed,48,289,3,0,0,0,79,2,,1610612744,201939,72,85,,1610612744,4130000,0,13
291,3,421,2024-02-09T01:37:20.8000000+00:00,04:49,[IND] Turner Rebound (Off:0 Def:7),48,289,0,0,0,0,0,4,,1610612754,1626167,72,85,,1610612744,4140000,0,13
292,3,422,2024-02-09T01:37:28.1000000+00:00,04:42,[IND] Turner 3pt Shot: Missed,-51,261,3,0,0,0,1,2,,1610612754,1626167,72,85,,1610612754,4150000,0,13
293,3,423,2024-02-09T01:37:32.0000000+00:00,04:39,[IND] Nesmith Rebound (Off:1 Def:2),-51,261,1,0,0,0,0,4,,1610612754,1630174,72,85,,1610612754,4160000,0,13
294,3,424,2024-02-09T01:37:40.6000000+00:00,04:30,[IND] Nesmith Turnover : Bad Pass (2 TO) Steal:Moody (1 ST),112,35,1,0,0,0,1,5,1630541,1610612754,1630174,72,85,,1610612754,4170000,0,13
295,3,426,2024-02-09T01:37:43.1000000+00:00,04:29,[GSW] Moody Turnover : Bad Pass (1 TO) Steal:Nesmith (4 ST),-110,840,1,0,0,0,1,5,1630174,1610612744,1630541,72,85,,1610612744,4190000,0,13
296,3,428,2024-02-09T01:37:52.3000000+00:00,04:29,Stoppage: Equipment Malfunction,0,-80,0,0,0,0,5,20,,0,0,72,85,,1610612754,4210000,0,13
297,3,429,2024-02-09T01:38:21.8000000+00:00,04:22,[IND] Siakam Driving Finger Roll Layup Shot: Missed,26,29,2,0,0,0,75,2,,1610612754,1627783,72,85,,1610612754,4220000,0,13
298,3,430,2024-02-09T01:38:25.8000000+00:00,04:18,[GSW] Moody Rebound (Off:0 Def:2),26,29,0,0,0,0,0,4,,1610612744,1630541,72,85,,1610612754,4230000,0,13
299,3,431,2024-02-09T01:38:34.3000000+00:00,04:09,[GSW] Curry 3pt Shot: Missed,93,234,3,0,0,0,1,2,,1610612744,201939,72,85,,1610612744,4240000,0,13
300,3,432,2024-02-09T01:38:38.3000000+00:00,04:05,[IND] Nesmith Rebound (Off:1 Def:3),93,234,0,0,0,0,0,4,,1610612754,1630174,72,85,,1610612744,4250000,0,13
301,3,433,2024-02-09T01:38:46.2000000+00:00,03:59,[GSW] Green Foul: Shooting (1 PF) (2 FTA) (C Blair),26,37,0,0,2,0,2,6,1626167,1610612744,203110,72,85,200832,1610612754,4260000,0,13
302,3,435,2024-02-09T01:39:16.7000000+00:00,03:59,[IND 73-85] Turner Free Throw 1 of 2 (14 PTS),0,-80,1,0,1,0,11,3,,1610612754,1626167,73,85,,1610612754,4280000,1,12
303,3,436,2024-02-09T01:39:17.4000000+00:00,03:59,[IND] Haliburton Substitution replaced by Toppin,0,-80,0,0,0,0,0,8,,1610612754,1630169,73,85,1630167,1610612754,4290000,0,12
304,3,437,2024-02-09T01:39:17.4000000+00:00,03:59,[IND] Nesmith Substitution replaced by McConnell,0,-80,0,0,0,0,0,8,,1610612754,1630174,73,85,204456,1610612754,4300000,0,12
305,3,438,2024-02-09T01:39:17.4000000+00:00,03:59,[GSW] Wiggins Substitution replaced by Santos,0,-80,0,0,0,0,0,8,,1610612744,203952,73,85,1630611,1610612754,4310000,0,12
306,3,439,2024-02-09T01:39:17.4000000+00:00,03:59,[GSW] Green Substitution replaced by Saric,0,-80,0,0,0,0,0,8,,1610612744,203110,73,85,203967,1610612754,4320000,0,12
307,3,444,2024-02-09T01:39:44.1000000+00:00,03:59,[IND 74-85] Turner Free Throw 2 of 2 (15 PTS),0,-80,1,0,1,0,12,3,,1610612754,1626167,74,85,,1610612754,4370000,1,11
308,3,445,2024-02-09T01:40:07.1000000+00:00,03:38,[GSW 87-74] Quinones Driving Layup Shot: Made (2 PTS),18,10,2,0,0,0,6,1,,1610612744,1631311,74,87,,1610612744,4380000,2,13
309,3,446,2024-02-09T01:40:18.7000000+00:00,03:28,[GSW] Quinones Foul: Personal (2 PF) (M Kogut),126,5,0,0,0,0,1,6,1627783,1610612744,1631311,74,87,201245,1610612754,4390000,0,13
310,3,448,2024-02-09T01:40:24.8000000+00:00,03:28,[IND] Turner Substitution replaced by Mathurin,0,-80,0,0,0,0,0,8,,1610612754,1626167,74,87,1631097,1610612754,4410000,0,13
311,3,449,2024-02-09T01:40:24.8000000+00:00,03:28,[GSW] Moody Substitution replaced by Kuminga,0,-80,0,0,0,0,0,8,,1610612744,1630541,74,87,1630228,1610612754,4420000,0,13
312,3,450,2024-02-09T01:40:24.8000000+00:00,03:28,[GSW] Curry Substitution replaced by Podziemski,0,-80,0,0,0,0,0,8,,1610612744,201939,74,87,1641764,1610612754,4430000,0,13
313,3,454,2024-02-09T01:40:53.4000000+00:00,03:19,[IND] Nembhard 3pt Shot: Missed,-225,24,3,0,0,0,1,2,,1610612754,1629614,74,87,,1610612754,4470000,0,13
314,3,455,2024-02-09T01:41:00.4000000+00:00,03:12,[GSW] Quinones Rebound (Off:0 Def:5),-225,24,0,0,0,0,0,4,,1610612744,1631311,74,87,,1610612754,4480000,0,13
315,3,456,2024-02-09T01:41:18.5000000+00:00,02:53,[GSW] Saric Turnaround Jump Shot: Missed,36,76,2,0,0,0,47,2,,1610612744,203967,74,87,,1610612744,4490000,0,13
316,3,457,2024-02-09T01:41:21.5000000+00:00,02:50,[IND] Siakam Rebound (Off:0 Def:6),36,76,0,0,0,0,0,4,,1610612754,1627783,74,87,,1610612744,4500000,0,13
317,3,458,2024-02-09T01:41:40.9000000+00:00,02:31,[IND] Nembhard Driving Reverse Layup Shot: Missed Block: Kuminga (2 BLK),23,22,2,0,0,0,73,2,1630228,1610612754,1629614,74,87,,1610612754,4510000,0,13
318,3,460,2024-02-09T01:41:43.9000000+00:00,02:28,[GSW] Podziemski Rebound (Off:1 Def:6),23,22,0,0,0,0,0,4,,1610612744,1641764,74,87,,1610612754,4530000,0,13
319,3,461,2024-02-09T01:42:00.1000000+00:00,02:14,[IND] Nembhard Foul: Personal (1 PF) (C Blair),-126,49,0,0,0,0,1,6,203967,1610612754,1629614,74,87,200832,1610612744,4540000,0,13
320,3,463,2024-02-09T01:42:06.1000000+00:00,02:14,Timeout : Regular,0,-80,0,0,0,0,1,9,,1610612754,1610612754,74,87,,1610612744,4560000,0,13
321,3,464,2024-02-09T01:44:07.1000000+00:00,02:14,[IND] Nembhard Substitution replaced by Jackson,0,-80,0,0,0,0,0,8,,1610612754,1629614,74,87,1630543,1610612744,4570000,0,13
322,3,465,2024-02-09T01:44:07.1000000+00:00,02:14,[IND] Siakam Substitution replaced by Sheppard,0,-80,0,0,0,0,0,8,,1610612754,1627783,74,87,1641767,1610612744,4580000,0,13
323,3,468,2024-02-09T01:45:09.1000000+00:00,02:06,[IND] Jackson Foul: Personal (1 PF) (C Blair),-172,197,0,0,0,0,1,6,203967,1610612754,1630543,74,87,200832,1610612744,4610000,0,13
324,3,470,2024-02-09T01:45:34.7000000+00:00,01:57,[GSW] Quinones 3pt Shot: Missed,243,105,3,0,0,0,79,2,,1610612744,1631311,74,87,,1610612744,4630000,0,13
325,3,471,2024-02-09T01:45:37.7000000+00:00,01:54,[GSW] Team Rebound,243,105,1,0,0,0,0,4,,1610612744,0,74,87,,1610612744,4640000,0,13
326,3,472,2024-02-09T01:45:42.3000000+00:00,01:54,Stoppage: Out-of-Bounds,0,-80,0,0,0,0,3,20,,0,0,74,87,,1610612744,4650000,0,13
327,3,473,2024-02-09T01:45:56.4000000+00:00,01:53,Stoppage: Out-of-Bounds,0,-80,0,0,0,0,3,20,,0,0,74,87,,1610612744,4660000,0,13
328,3,474,2024-02-09T01:46:08.7000000+00:00,01:47,[GSW] Kuminga Turnaround Jump Shot: Missed,-5,56,2,0,0,0,47,2,,1610612744,1630228,74,87,,1610612744,4670000,0,13
329,3,475,2024-02-09T01:46:11.7000000+00:00,01:44,[GSW] Saric Rebound (Off:1 Def:4),-5,56,1,0,0,0,0,4,,1610612744,203967,74,87,,1610612744,4680000,0,13
330,3,476,2024-02-09T01:46:11.7000000+00:00,01:44,[GSW 89-74] Saric Putback Layup Shot: Made (11 PTS),10,9,2,0,0,0,72,1,,1610612744,203967,74,89,,1610612744,4690000,2,15
331,3,477,2024-02-09T01:46:39.3000000+00:00,01:16,[IND] Mathurin Floating Jump shot: Missed,-58,215,2,0,0,0,78,2,,1610612754,1631097,74,89,,1610612754,4700000,0,15
332,3,478,2024-02-09T01:46:42.1000000+00:00,01:13,[GSW] Santos Rebound (Off:1 Def:2),-58,215,0,0,0,0,0,4,,1610612744,1630611,74,89,,1610612754,4710000,0,15
333,3,479,2024-02-09T01:47:03.2000000+00:00,00:53.2,[GSW 91-74] Podziemski Turnaround Fadeaway shot: Made (6 PTS),-4,98,2,0,0,0,86,1,,1610612744,1641764,74,91,,1610612744,4720000,2,17
334,3,480,2024-02-09T01:47:28.4000000+00:00,00:34.7,[IND 76-91] McConnell Pullup Jump shot: Made (6 PTS),54,11,2,0,0,0,79,1,,1610612754,204456,76,91,,1610612754,4730000,2,15
335,3,481,2024-02-09T01:47:45.2000000+00:00,00:23.2,[GSW 93-76] Podziemski Driving Reverse Layup Shot: Made (8 PTS),12,7,2,0,0,0,73,1,,1610612744,1641764,76,93,,1610612744,4740000,2,17
336,3,482,2024-02-09T01:48:06.3000000+00:00,00:04.0,[IND] McConnell Turnover : Lost Ball (1 TO) Steal:Podziemski (1 ST),-26,74,1,0,0,0,2,5,1641764,1610612754,204456,76,93,,1610612754,4750000,0,17
337,3,484,2024-02-09T01:48:09.3000000+00:00,00:01.0,[GSW 95-76] Santos Running Finger Roll Layup Shot: Made (5 PTS) Assist: Quinones (5 AST),1,23,2,1,0,0,76,1,,1610612744,1630611,76,95,1631311,1610612744,4770000,2,19
338,3,486,2024-02-09T01:48:18.0000000+00:00,00:01.0,[IND] Mathurin Turnover : Out of Bounds - Bad Pass Turnover (1 TO),-227,276,0,0,0,0,45,5,,1610612754,1631097,76,95,1628159,1610612754,4790000,0,19
339,3,487,2024-02-09T01:48:21.1000000+00:00,00:01.0,[GSW] Santos Substitution replaced by Curry,0,-80,0,0,0,0,0,8,,1610612744,1630611,76,95,201939,1610612744,4800000,0,19
340,3,488,2024-02-09T01:48:21.1000000+00:00,00:01.0,[GSW] Quinones Substitution replaced by Green,0,-80,0,0,0,0,0,8,,1610612744,1631311,76,95,203110,1610612744,4810000,0,19
341,3,491,2024-02-09T01:48:52.3000000+00:00,00:00.1,[GSW] Curry Fadeaway Jump Shot: Missed,-151,-3,2,0,0,0,63,2,,1610612744,201939,76,95,,1610612744,4840000,0,19
342,3,492,2024-02-09T01:48:52.3000000+00:00,00:00.1,[GSW] Team Rebound,-151,-3,1,0,0,0,0,4,,1610612744,0,76,95,,1610612744,4850000,0,19
343,3,493,2024-02-09T01:48:55.5000000+00:00,00:00.0,End Period,0,-80,0,0,0,0,0,13,,0,0,76,95,,1610612744,4860000,0,19
344,4,498,2024-02-09T01:51:35.3000000+00:00,12:00,Start Period,0,-80,0,0,0,0,0,12,,0,0,76,95,,1610612754,4910000,0,19
345,4,499,2024-02-09T01:51:54.2000000+00:00,11:41,[IND] Toppin 3pt Shot: Missed,237,94,3,0,0,0,1,2,,1610612754,1630167,76,95,,1610612754,4920000,0,19
346,4,500,2024-02-09T01:51:59.2000000+00:00,11:36,[GSW] Santos Rebound (Off:1 Def:3),237,94,0,0,0,0,0,4,,1610612744,1630611,76,95,,1610612754,4930000,0,19
347,4,501,2024-02-09T01:52:01.0000000+00:00,11:33,[GSW 97-76] Kuminga Running Dunk Shot: Made (16 PTS) Assist: Santos (1 AST),-12,-6,2,1,0,0,50,1,,1610612744,1630228,76,97,1630611,1610612744,4940000,2,21
348,4,504,2024-02-09T01:52:15.8000000+00:00,11:18,[IND 78-97] Toppin Jump Shot: Made (2 PTS) Assist: McConnell (6 AST),-29,100,2,0,0,0,1,1,,1610612754,1630167,78,97,204456,1610612754,4970000,2,19
349,4,506,2024-02-09T01:52:40.5000000+00:00,10:57,[IND] Sheppard Foul: Personal (2 PF) (C Blair),-9,59,0,0,0,0,1,6,203967,1610612754,1641767,78,97,200832,1610612744,4990000,0,19
350,4,508,2024-02-09T01:53:06.7000000+00:00,10:52,[GSW] Saric Turnover : Bad Pass (2 TO) Steal:McConnell (1 ST),-151,309,1,0,0,0,1,5,204456,1610612744,203967,78,97,,1610612744,5010000,0,19
351,4,510,2024-02-09T01:53:10.3000000+00:00,10:48,[IND 80-97] Toppin Running Alley Oop Dunk Shot: Made (4 PTS) Assist: McConnell (7 AST),15,26,2,1,0,0,106,1,,1610612754,1630167,80,97,204456,1610612754,5030000,2,17
352,4,513,2024-02-09T01:53:30.9000000+00:00,10:32,[IND] Toppin Foul: Shooting (1 PF) (2 FTA) (M Kogut),-54,12,0,0,2,0,2,6,1631311,1610612754,1630167,80,97,201245,1610612744,5060000,0,17
353,4,515,2024-02-09T01:53:53.2000000+00:00,10:32,[GSW 98-80] Quinones Free Throw 1 of 2 (3 PTS),0,-80,1,0,1,0,11,3,,1610612744,1631311,80,98,,1610612744,5080000,1,18
354,4,516,2024-02-09T01:54:08.1000000+00:00,10:32,[GSW 99-80] Quinones Free Throw 2 of 2 (4 PTS),0,-80,1,0,1,0,12,3,,1610612744,1631311,80,99,,1610612744,5090000,1,19
355,4,517,2024-02-09T01:54:25.0000000+00:00,10:17,[IND] Mathurin Driving Layup Shot: Missed,5,27,2,0,0,0,6,2,,1610612754,1631097,80,99,,1610612754,5100000,0,19
356,4,518,2024-02-09T01:54:29.0000000+00:00,10:13,[GSW] Saric Rebound (Off:1 Def:5),5,27,0,0,0,0,0,4,,1610612744,203967,80,99,,1610612754,5110000,0,19
357,4,519,2024-02-09T01:54:51.1000000+00:00,09:51,[GSW 101-80] Quinones Turnaround Fadeaway shot: Made (6 PTS),121,46,2,0,0,0,86,1,,1610612744,1631311,80,101,,1610612744,5120000,2,21
358,4,520,2024-02-09T01:55:07.1000000+00:00,09:34,[IND] Sheppard 3pt Shot: Missed,234,9,3,0,0,0,1,2,,1610612754,1641767,80,101,,1610612754,5130000,0,21
359,4,521,2024-02-09T01:55:11.1000000+00:00,09:30,[IND] Jackson Rebound (Off:1 Def:0),234,9,1,0,0,0,0,4,,1610612754,1630543,80,101,,1610612754,5140000,0,21
360,4,522,2024-02-09T01:55:12.8000000+00:00,09:29,[IND 83-101] Toppin 3pt Shot: Made (7 PTS) Assist: Jackson (1 AST),-115,253,3,0,0,0,1,1,,1610612754,1630167,83,101,1630543,1610612754,5150000,3,18
361,4,524,2024-02-09T01:55:33.5000000+00:00,09:07,[GSW] Santos Cutting Finger Roll Layup Shot: Missed,-34,9,2,0,0,0,99,2,,1610612744,1630611,83,101,,1610612744,5170000,0,18
362,4,525,2024-02-09T01:55:35.5000000+00:00,09:05,[GSW] Saric Rebound (Off:2 Def:5),-34,9,1,0,0,0,0,4,,1610612744,203967,83,101,,1610612744,5180000,0,18
363,4,526,2024-02-09T01:55:46.0000000+00:00,08:55,[GSW 103-83] Santos Alley Oop Dunk Shot: Made (7 PTS) Assist: Podziemski (5 AST),15,8,2,0,0,0,52,1,,1610612744,1630611,83,103,1641764,1610612744,5190000,2,20
364,4,528,2024-02-09T01:55:56.3000000+00:00,08:45,[IND] Sheppard Turnover : Bad Pass (1 TO) Steal:Podziemski (2 ST),98,84,1,0,0,0,1,5,1641764,1610612754,1641767,83,103,,1610612754,5210000,0,20
365,4,530,2024-02-09T01:56:01.2000000+00:00,08:42,[IND] Mathurin Foul: Shooting (2 PF) (2 FTA) (M Dagher),-6,34,0,0,2,0,2,6,1641764,1610612754,1631097,83,103,1628159,1610612744,5230000,0,20
366,4,532,2024-02-09T01:56:15.3000000+00:00,08:42,Timeout : Regular,0,-80,0,0,0,0,1,9,,1610612754,1610612754,83,103,,1610612744,5250000,0,20
367,4,533,2024-02-09T01:58:32.9000000+00:00,08:42,[IND] Mathurin Substitution replaced by Nesmith,0,-80,0,0,0,0,0,8,,1610612754,1631097,83,103,1630174,1610612744,5260000,0,20
368,4,534,2024-02-09T01:58:32.9000000+00:00,08:42,[IND] Toppin Substitution replaced by Turner,0,-80,0,0,0,0,0,8,,1610612754,1630167,83,103,1626167,1610612744,5270000,0,20
369,4,535,2024-02-09T01:58:32.9000000+00:00,08:42,[IND] McConnell Substitution replaced by Siakam,0,-80,0,0,0,0,0,8,,1610612754,204456,83,103,1627783,1610612744,5280000,0,20
370,4,536,2024-02-09T01:58:32.9000000+00:00,08:42,[IND] Jackson Substitution replaced by Haliburton,0,-80,0,0,0,0,0,8,,1610612754,1630543,83,103,1630169,1610612744,5290000,0,20
371,4,537,2024-02-09T01:58:32.9000000+00:00,08:42,[IND] Sheppard Substitution replaced by Nembhard,0,-80,0,0,0,0,0,8,,1610612754,1641767,83,103,1629614,1610612744,5300000,0,20
372,4,543,2024-02-09T01:59:26.7000000+00:00,08:42,[GSW] Podziemski Free Throw 1 of 2 Missed,0,-80,2,1,0,0,11,3,,1610612744,1641764,83,103,,1610612744,5360000,0,20
373,4,544,2024-02-09T01:59:26.7000000+00:00,08:42,[GSW] Team Rebound,0,-80,1,0,0,0,1,4,,1610612744,0,83,103,,1610612744,5360001,0,20
374,4,545,2024-02-09T01:59:41.1000000+00:00,08:42,[GSW 104-83] Podziemski Free Throw 2 of 2 (9 PTS),0,-80,1,1,1,0,12,3,,1610612744,1641764,83,104,,1610612744,5380000,1,21
375,4,546,2024-02-09T01:59:59.1000000+00:00,08:33,[GSW] Saric Foul: Shooting (1 PF) (2 FTA) (C Blair),32,33,0,0,2,0,2,6,1630174,1610612744,203967,83,104,200832,1610612754,5390000,0,21
376,4,548,2024-02-09T02:00:22.8000000+00:00,08:33,[IND 84-104] Nesmith Free Throw 1 of 2 (11 PTS),0,-80,1,0,1,0,11,3,,1610612754,1630174,84,104,,1610612754,5410000,1,20
377,4,549,2024-02-09T02:00:22.8000000+00:00,08:33,[IND] Nesmith Free Throw 2 of 2 Missed,0,-80,2,0,0,0,12,3,,1610612754,1630174,84,104,,1610612754,5420000,0,20
378,4,550,2024-02-09T02:00:23.8000000+00:00,08:32,[GSW] Santos Rebound (Off:1 Def:4),0,-80,0,0,0,0,0,4,,1610612744,1630611,84,104,,1610612754,5420001,0,20
379,4,551,2024-02-09T02:01:02.1000000+00:00,08:09,[GSW] Saric 3pt Shot: Missed,104,231,3,0,0,0,80,2,,1610612744,203967,84,104,,1610612744,5440000,0,20
380,4,552,2024-02-09T02:01:05.1000000+00:00,08:06,[GSW] Santos Rebound (Off:2 Def:4),104,231,1,0,0,0,0,4,,1610612744,1630611,84,104,,1610612744,5450000,0,20
381,4,553,2024-02-09T02:01:09.4000000+00:00,08:06,Stoppage: Out-of-Bounds,0,-80,0,0,0,0,3,20,,0,0,84,104,,1610612744,5460000,0,20
382,4,554,2024-02-09T02:01:12.9000000+00:00,08:06,[GSW] Quinones Substitution replaced by Curry,0,-80,0,0,0,0,0,8,,1610612744,1631311,84,104,201939,1610612744,5470000,0,20
383,4,556,2024-02-09T02:01:39.1000000+00:00,08:04,[GSW] Kuminga Turnover : Traveling (3 TO),-25,77,0,0,0,0,4,5,,1610612744,1630228,84,104,201245,1610612744,5490000,0,20
384,4,557,2024-02-09T02:01:53.9000000+00:00,08:00,[IND 86-104] Siakam Driving Layup Shot: Made (16 PTS) Assist: Haliburton (10 AST),-36,61,2,0,0,0,6,1,,1610612754,1627783,86,104,1630169,1610612754,5500000,2,18
385,4,558,2024-02-09T02:01:58.2000000+00:00,08:00,[GSW] Santos Foul: Shooting (1 PF) (1 FTA) (M Kogut),-36,61,0,0,1,0,2,6,1627783,1610612744,1630611,86,104,201245,1610612754,5510000,0,18
386,4,560,2024-02-09T02:02:07.6000000+00:00,08:00,Timeout : Regular,0,-80,0,0,0,0,1,9,,1610612744,1610612744,86,104,,1610612754,5530000,0,18
387,4,562,2024-02-09T02:04:15.4000000+00:00,08:00,[GSW] Kuminga Substitution replaced by Green,0,-80,0,0,0,0,0,8,,1610612744,1630228,86,104,203110,1610612754,5540000,0,18
388,4,563,2024-02-09T02:04:15.4000000+00:00,08:00,[GSW] Saric Substitution replaced by Wiggins,0,-80,0,0,0,0,0,8,,1610612744,203967,86,104,203952,1610612754,5550000,0,18
389,4,566,2024-02-09T02:05:07.1000000+00:00,08:00,[IND] Siakam Free Throw 1 of 1 Missed,0,-80,2,0,0,0,10,3,,1610612754,1627783,86,104,,1610612754,5580000,0,18
390,4,567,2024-02-09T02:05:08.1000000+00:00,07:59,[GSW] Santos Rebound (Off:2 Def:5),0,-80,0,0,0,0,0,4,,1610612744,1630611,86,104,,1610612754,5580001,0,18
391,4,568,2024-02-09T02:05:23.8000000+00:00,07:44,[GSW] Green Cutting Layup Shot: Missed Block: Siakam (1 BLK),-12,12,2,0,0,0,98,2,1627783,1610612744,203110,86,104,,1610612744,5600000,0,18
392,4,570,2024-02-09T02:05:24.8000000+00:00,07:43,[GSW] Team Rebound,-12,12,1,0,0,0,0,4,,1610612744,0,86,104,,1610612744,5620000,0,18
393,4,571,2024-02-09T02:05:28.7000000+00:00,07:43,Stoppage: Out-of-Bounds,0,-80,0,0,0,0,3,20,,0,0,86,104,,1610612744,5630000,0,18
394,4,572,2024-02-09T02:05:47.2000000+00:00,07:34,[GSW] Green Turnover : Bad Pass (3 TO) Steal:Nesmith (5 ST),12,33,1,0,0,0,1,5,1630174,1610612744,203110,86,104,,1610612744,5640000,0,18
395,4,574,2024-02-09T02:05:52.3000000+00:00,07:29,[IND 89-104] Nembhard 3pt Shot: Made (7 PTS) Assist: Siakam (2 AST),-230,43,3,1,0,0,2,1,,1610612754,1629614,89,104,1627783,1610612754,5660000,3,15
396,4,576,2024-02-09T02:06:08.1000000+00:00,07:12,[GSW 107-89] Santos 3pt Shot: Made (10 PTS) Assist: Podziemski (6 AST),-238,-4,3,0,0,0,1,1,,1610612744,1630611,89,107,1641764,1610612744,5680000,3,18
397,4,578,2024-02-09T02:06:20.3000000+00:00,07:00,[IND] Turner 3pt Shot: Missed,-47,269,3,0,0,0,1,2,,1610612754,1626167,89,107,,1610612754,5700000,0,18
398,4,579,2024-02-09T02:06:25.7000000+00:00,06:56,[IND] Siakam Rebound (Off:1 Def:6),-47,269,1,0,0,0,0,4,,1610612754,1627783,89,107,,1610612754,5710000,0,18
399,4,580,2024-02-09T02:06:28.0000000+00:00,06:53,[IND 92-107] Nembhard 3pt Shot: Made (10 PTS) Assist: Haliburton (11 AST),239,109,3,0,0,0,1,1,,1610612754,1629614,92,107,1630169,1610612754,5720000,3,15
400,4,582,2024-02-09T02:06:46.6000000+00:00,06:34,[GSW 109-92] Wiggins Driving Finger Roll Layup Shot: Made (11 PTS),-26,-6,2,0,0,0,75,1,,1610612744,203952,92,109,,1610612744,5740000,2,17
401,4,583,2024-02-09T02:06:54.4000000+00:00,06:26,[IND 94-109] Haliburton Driving Floating Jump Shot: Made (5 PTS),-21,80,2,0,0,0,101,1,,1610612754,1630169,94,109,,1610612754,5750000,2,15
402,4,584,2024-02-09T02:07:14.4000000+00:00,06:06,[GSW 112-94] Santos 3pt Shot: Made (13 PTS) Assist: Podziemski (7 AST),44,264,3,0,0,0,1,1,,1610612744,1630611,94,112,1641764,1610612744,5760000,3,18
403,4,586,2024-02-09T02:07:26.3000000+00:00,05:55,[IND] Siakam Turnaround Jump Shot: Missed Block: Podziemski (1 BLK),-42,63,2,0,0,0,47,2,1641764,1610612754,1627783,94,112,,1610612754,5780000,0,18
404,4,588,2024-02-09T02:07:28.3000000+00:00,05:53,[IND] Siakam Rebound (Off:2 Def:6),-42,63,1,0,0,0,0,4,,1610612754,1627783,94,112,,1610612754,5800000,0,18
405,4,589,2024-02-09T02:07:29.3000000+00:00,05:52,[IND] Siakam Turnover : Bad Pass (2 TO) Steal:Wiggins (1 ST),-40,50,1,0,0,0,1,5,203952,1610612754,1627783,94,112,,1610612754,5810000,0,18
406,4,591,2024-02-09T02:07:41.1000000+00:00,05:42,[GSW] Green Foul: Offensive (2 PF) (M Kogut),9,62,0,0,0,0,4,6,1630174,1610612744,203110,94,112,201245,1610612744,5830000,0,18
407,4,593,2024-02-09T02:07:41.1000000+00:00,05:42,[GSW] Green Turnover : Offensive Foul Turnover (4 TO),9,62,0,0,0,0,37,5,,1610612744,203110,94,112,201245,1610612744,5850000,0,18
408,4,594,2024-02-09T02:07:48.6000000+00:00,05:42,[GSW] Podziemski Substitution replaced by Kuminga,0,-80,0,0,0,0,0,8,,1610612744,1641764,94,112,1630228,1610612754,5860000,0,18
409,4,595,2024-02-09T02:07:48.6000000+00:00,05:42,[GSW] Santos Substitution replaced by Quinones,0,-80,0,0,0,0,0,8,,1610612744,1630611,94,112,1631311,1610612754,5870000,0,18
410,4,598,2024-02-09T02:08:18.1000000+00:00,05:28,[GSW] Quinones Foul: Shooting (3 PF) (2 FTA) (C Blair),38,25,0,0,2,0,2,6,1630174,1610612744,1631311,94,112,200832,1610612754,5900000,0,18
411,4,600,2024-02-09T02:08:38.5000000+00:00,05:28,[IND 95-112] Nesmith Free Throw 1 of 2 (12 PTS),0,-80,1,0,1,0,11,3,,1610612754,1630174,95,112,,1610612754,5920000,1,17
412,4,601,2024-02-09T02:08:58.3000000+00:00,05:28,[IND 96-112] Nesmith Free Throw 2 of 2 (13 PTS),0,-80,1,0,1,0,12,3,,1610612754,1630174,96,112,,1610612754,5930000,1,16
413,4,602,2024-02-09T02:09:13.0000000+00:00,05:15,[GSW 114-96] Kuminga Driving Dunk Shot: Made (18 PTS),-11,5,2,0,0,0,9,1,,1610612744,1630228,96,114,,1610612744,5940000,2,18
414,4,603,2024-02-09T02:09:20.2000000+00:00,05:11,Timeout : Regular,0,-80,0,0,0,0,1,9,,1610612754,1610612754,96,114,,1610612754,5950000,0,18
415,4,604,2024-02-09T02:10:28.1000000+00:00,05:11,[IND] Haliburton Substitution replaced by Toppin,0,-80,0,0,0,0,0,8,,1610612754,1630169,96,114,1630167,1610612754,5960000,0,18
416,4,605,2024-02-09T02:10:28.1000000+00:00,05:11,[IND] Nembhard Substitution replaced by Jackson,0,-80,0,0,0,0,0,8,,1610612754,1629614,96,114,1630543,1610612754,5970000,0,18
417,4,606,2024-02-09T02:10:28.1000000+00:00,05:11,[IND] Nesmith Substitution replaced by Mathurin,0,-80,0,0,0,0,0,8,,1610612754,1630174,96,114,1631097,1610612754,5980000,0,18
418,4,607,2024-02-09T02:10:28.1000000+00:00,05:11,[IND] Turner Substitution replaced by McConnell,0,-80,0,0,0,0,0,8,,1610612754,1626167,96,114,204456,1610612754,5990000,0,18
419,4,608,2024-02-09T02:10:28.1000000+00:00,05:11,[IND] Siakam Substitution replaced by Sheppard,0,-80,0,0,0,0,0,8,,1610612754,1627783,96,114,1641767,1610612754,6000000,0,18
420,4,614,2024-02-09T02:11:10.5000000+00:00,04:57,[IND] McConnell Fadeaway Jump Shot: Missed,40,3,2,0,0,0,63,2,,1610612754,204456,96,114,,1610612754,6060000,0,18
421,4,615,2024-02-09T02:11:13.5000000+00:00,04:54,[GSW] Green Rebound (Off:2 Def:6),40,3,0,0,0,0,0,4,,1610612744,203110,96,114,,1610612754,6070000,0,18
422,4,616,2024-02-09T02:11:28.6000000+00:00,04:39,[GSW] Green Turnover : Bad Pass (5 TO) Steal:Jackson (1 ST),18,89,1,0,0,0,1,5,1630543,1610612744,203110,96,114,,1610612744,6080000,0,18
423,4,618,2024-02-09T02:11:33.9000000+00:00,04:35,[GSW] Green Foul: Shooting (3 PF) (2 FTA) (M Kogut),97,42,0,0,2,0,2,6,1631097,1610612744,203110,96,114,201245,1610612754,6100000,0,18
424,4,620,2024-02-09T02:12:02.0000000+00:00,04:35,[IND 97-114] Mathurin Free Throw 1 of 2 (8 PTS),0,-80,1,1,1,0,11,3,,1610612754,1631097,97,114,,1610612754,6120000,1,17
425,4,621,2024-02-09T02:12:21.3000000+00:00,04:35,[IND 98-114] Mathurin Free Throw 2 of 2 (9 PTS),0,-80,1,1,1,0,12,3,,1610612754,1631097,98,114,,1610612754,6130000,1,16
426,4,623,2024-02-09T02:12:36.6000000+00:00,04:23,[GSW 117-98] Curry 3pt Shot: Made (39 PTS) Assist: Green (5 AST),-5,283,3,0,0,0,1,1,,1610612744,201939,98,117,203110,1610612744,6150000,3,19
427,4,625,2024-02-09T02:12:53.5000000+00:00,04:06,[IND 100-117] Jackson Fadeaway Jump Shot: Made (2 PTS) Assist: McConnell (8 AST),2,113,2,0,0,0,63,1,,1610612754,1630543,100,117,204456,1610612754,6170000,2,17
428,4,627,2024-02-09T02:13:08.0000000+00:00,03:51,[GSW 120-100] Curry 3pt Shot: Made (42 PTS),-27,254,3,0,0,0,79,1,,1610612744,201939,100,120,,1610612744,6190000,3,20
429,4,628,2024-02-09T02:13:25.1000000+00:00,03:37,[GSW] Wiggins Foul: Shooting (3 PF) (2 FTA) (C Blair),1,78,1,0,2,0,2,6,1631097,1610612744,203952,100,120,200832,1610612754,6200000,0,20
430,4,630,2024-02-09T02:13:49.1000000+00:00,03:37,[IND 101-120] Mathurin Free Throw 1 of 2 (10 PTS),0,-80,1,0,1,0,11,3,,1610612754,1631097,101,120,,1610612754,6220000,1,19
431,4,631,2024-02-09T02:13:49.9000000+00:00,03:37,[GSW] Green Substitution replaced by Podziemski,0,-80,0,0,0,0,0,8,,1610612744,203110,101,120,1641764,1610612754,6230000,0,19
432,4,632,2024-02-09T02:13:49.9000000+00:00,03:37,[GSW] Quinones Substitution replaced by Jackson-Davis,0,-80,0,0,0,0,0,8,,1610612744,1631311,101,120,1631218,1610612754,6240000,0,19
433,4,635,2024-02-09T02:14:17.6000000+00:00,03:37,[IND 102-120] Mathurin Free Throw 2 of 2 (11 PTS),0,-80,1,0,1,0,12,3,,1610612754,1631097,102,120,,1610612754,6270000,1,18
434,4,636,2024-02-09T02:14:29.7000000+00:00,03:29,[GSW 122-102] Jackson-Davis Alley Oop Dunk Shot: Made (2 PTS) Assist: Kuminga (4 AST),-7,0,2,0,0,0,52,1,,1610612744,1631218,102,122,1630228,1610612744,6280000,2,20
435,4,638,2024-02-09T02:14:46.1000000+00:00,03:13,[IND] Mathurin 3pt Shot: Missed,43,253,3,0,0,0,1,2,,1610612754,1631097,102,122,,1610612754,6300000,0,20
436,4,639,2024-02-09T02:14:48.1000000+00:00,03:11,[IND] Team Rebound,43,253,1,0,0,0,0,4,,1610612754,0,102,122,,1610612754,6310000,0,20
437,4,641,2024-02-09T02:14:56.5000000+00:00,03:11,[GSW] Jackson-Davis Foul: Loose Ball (1 PF) (2 FTA) (M Kogut),53,36,1,0,2,0,3,6,1630543,1610612744,1631218,102,122,201245,1610612754,6330000,0,20
438,4,643,2024-02-09T02:15:18.1000000+00:00,03:11,[IND 103-122] Jackson Free Throw 1 of 2 (3 PTS),0,-80,1,0,1,0,11,3,,1610612754,1630543,103,122,,1610612754,6350000,1,19
439,4,644,2024-02-09T02:15:18.9000000+00:00,03:11,[GSW] Kuminga Substitution replaced by Moody,0,-80,0,0,0,0,0,8,,1610612744,1630228,103,122,1630541,1610612754,6360000,0,19
440,4,645,2024-02-09T02:15:18.9000000+00:00,03:11,[GSW] Wiggins Substitution replaced by Santos,0,-80,0,0,0,0,0,8,,1610612744,203952,103,122,1630611,1610612754,6370000,0,19
441,4,646,2024-02-09T02:15:18.9000000+00:00,03:11,[GSW] Curry Substitution replaced by Quinones,0,-80,0,0,0,0,0,8,,1610612744,201939,103,122,1631311,1610612754,6380000,0,19
442,4,650,2024-02-09T02:15:42.4000000+00:00,03:11,[IND 104-122] Jackson Free Throw 2 of 2 (4 PTS),0,-80,1,0,1,0,12,3,,1610612754,1630543,104,122,,1610612754,6420000,1,18
443,4,651,2024-02-09T02:16:05.3000000+00:00,02:53,[GSW] Podziemski Fadeaway Jump Shot: Missed,-126,7,2,0,0,0,63,2,,1610612744,1641764,104,122,,1610612744,6430000,0,18
444,4,652,2024-02-09T02:16:10.3000000+00:00,02:48,[IND] Jackson Rebound (Off:1 Def:1),-126,7,0,0,0,0,0,4,,1610612754,1630543,104,122,,1610612744,6440000,0,18
445,4,653,2024-02-09T02:16:12.7000000+00:00,02:44,[IND] Mathurin 3pt Shot: Missed,-47,250,3,1,0,0,2,2,,1610612754,1631097,104,122,,1610612754,6450000,0,18
446,4,654,2024-02-09T02:16:16.7000000+00:00,02:40,[GSW] Moody Rebound (Off:0 Def:3),-47,250,0,0,0,0,0,4,,1610612744,1630541,104,122,,1610612754,6460000,0,18
447,4,655,2024-02-09T02:16:27.6000000+00:00,02:29,[GSW 125-104] Moody 3pt Shot: Made (3 PTS),-13,267,3,0,0,0,80,1,,1610612744,1630541,104,125,,1610612744,6470000,3,21
448,4,656,2024-02-09T02:16:37.9000000+00:00,02:19,[IND] McConnell Driving Layup Shot: Missed,23,16,2,0,0,0,6,2,,1610612754,204456,104,125,,1610612754,6480000,0,21
449,4,657,2024-02-09T02:16:39.9000000+00:00,02:17,[GSW] Jackson-Davis Rebound (Off:0 Def:1),23,16,0,0,0,0,0,4,,1610612744,1631218,104,125,,1610612754,6490000,0,21
450,4,658,2024-02-09T02:16:59.0000000+00:00,01:59,[GSW] Quinones 3pt Shot: Missed,99,239,3,0,0,0,1,2,,1610612744,1631311,104,125,,1610612744,6500000,0,21
451,4,659,2024-02-09T02:17:03.0000000+00:00,01:55,[IND] Jackson Rebound (Off:1 Def:2),99,239,0,0,0,0,0,4,,1610612754,1630543,104,125,,1610612744,6510000,0,21
452,4,660,2024-02-09T02:17:13.3000000+00:00,01:44,[IND] Toppin Turnover : Bad Pass (1 TO) Steal:Moody (2 ST),-65,38,1,0,0,0,1,5,1630541,1610612754,1630167,104,125,,1610612754,6520000,0,21
453,4,662,2024-02-09T02:17:19.6000000+00:00,01:40,[IND] McConnell Foul: Shooting (1 PF) (2 FTA) (M Kogut),-23,9,0,0,2,0,2,6,1631218,1610612754,204456,104,125,201245,1610612744,6540000,0,21
454,4,664,2024-02-09T02:17:40.5000000+00:00,01:40,[GSW 126-104] Jackson-Davis Free Throw 1 of 2 (3 PTS),0,-80,1,1,1,0,11,3,,1610612744,1631218,104,126,,1610612744,6560000,1,22
455,4,665,2024-02-09T02:17:41.0000000+00:00,01:40,[GSW] Podziemski Substitution replaced by Robinson,0,-80,0,0,0,0,0,8,,1610612744,1641764,104,126,1629010,1610612744,6570000,0,22
456,4,667,2024-02-09T02:17:54.8000000+00:00,01:40,[GSW 127-104] Jackson-Davis Free Throw 2 of 2 (4 PTS),0,-80,1,1,1,0,12,3,,1610612744,1631218,104,127,,1610612744,6590000,1,23
457,4,668,2024-02-09T02:18:10.2000000+00:00,01:27,[IND 106-127] Sheppard Pullup Jump shot: Made (5 PTS) Assist: Toppin (2 AST),-16,184,2,0,0,0,79,1,,1610612754,1641767,106,127,1630167,1610612754,6600000,2,21
458,4,670,2024-02-09T02:18:28.2000000+00:00,01:11,[GSW] Jackson-Davis Cutting Dunk Shot: Missed Block: Sheppard (1 BLK),-22,25,2,0,0,0,108,2,1641767,1610612744,1631218,106,127,,1610612744,6620000,0,21
459,4,672,2024-02-09T02:18:29.2000000+00:00,01:10,[GSW] Jackson-Davis Rebound (Off:1 Def:1),-22,25,1,0,0,0,0,4,,1610612744,1631218,106,127,,1610612744,6640000,0,21
460,4,673,2024-02-09T02:18:31.3000000+00:00,01:10,[GSW 129-106] Jackson-Davis Putback Layup Shot: Made (6 PTS),-22,5,2,0,0,0,72,1,,1610612744,1631218,106,129,,1610612744,6650000,2,23
461,4,674,2024-02-09T02:18:47.6000000+00:00,00:58.0,[IND] Jackson Driving Layup Shot: Missed Block: Jackson-Davis (1 BLK),-7,22,2,0,0,0,6,2,1631218,1610612754,1630543,106,129,,1610612754,6660000,0,23
462,4,676,2024-02-09T02:18:50.8000000+00:00,00:54.8,[GSW] Santos Rebound (Off:2 Def:6),-7,22,0,0,0,0,0,4,,1610612744,1630611,106,129,,1610612754,6680000,0,23
463,4,677,2024-02-09T02:19:00.4000000+00:00,00:45.2,[GSW 131-106] Moody Pullup Jump shot: Made (5 PTS),61,84,2,0,0,0,79,1,,1610612744,1630541,106,131,,1610612744,6690000,2,25
464,4,678,2024-02-09T02:19:18.5000000+00:00,00:29.3,[IND 109-131] Sheppard 3pt Shot: Made (8 PTS) Assist: Jackson (2 AST),-227,20,3,0,0,0,1,1,,1610612754,1641767,109,131,1630543,1610612754,6700000,3,22
465,4,680,2024-02-09T02:19:35.8000000+00:00,00:17.2,[GSW] Jackson-Davis Foul: Offensive (2 PF) (M Kogut),-36,265,0,0,0,0,4,6,204456,1610612744,1631218,109,131,201245,1610612744,6720000,0,22
466,4,682,2024-02-09T02:19:35.8000000+00:00,00:17.2,[GSW] Jackson-Davis Turnover : Offensive Foul Turnover (1 TO),-36,265,0,0,0,0,37,5,,1610612744,1631218,109,131,201245,1610612744,6740000,0,22
467,4,683,2024-02-09T02:20:09.5000000+00:00,00:00.0,End Period,0,-80,0,0,0,0,0,13,,0,0,109,131,,1610612754,6750000,0,22
